bundle	chromosome	orientation_locked_to_endpoint	endpoint_rho_A_mat	x0_rho_A_mat	delta_endpoint_minus_x0_rho_A_mat	endpoint_rho_A_pat	x0_rho_A_pat	delta_endpoint_minus_x0_rho_A_pat	endpoint_rho_B_mat	x0_rho_B_mat	delta_endpoint_minus_x0_rho_B_mat	endpoint_rho_B_pat	x0_rho_B_pat	delta_endpoint_minus_x0_rho_B_pat	endpoint_matched	x0_matched	delta_endpoint_minus_x0_matched	endpoint_cross	x0_cross	delta_endpoint_minus_x0_cross	endpoint_contrast	x0_contrast	delta_endpoint_minus_x0_contrast	endpoint_matched_ref1	x0_matched_ref1	delta_endpoint_minus_x0_matched_ref1	endpoint_matched_ref2	x0_matched_ref2	delta_endpoint_minus_x0_matched_ref2	endpoint_margin_mat	x0_margin_mat	delta_endpoint_minus_x0_margin_mat	endpoint_margin_pat	x0_margin_pat	delta_endpoint_minus_x0_margin_pat	endpoint_minmargin	x0_minmargin	delta_endpoint_minus_x0_minmargin
bundle1	chr1	direct	0.5256013318373248	0.3284541966289179	0.19714713520840693	0.595587362211124	0.3016710440636788	0.2939163181474452	0.44429224636095493	0.32884600636784983	0.1154462399931051	0.618356913605401	0.36265164824744056	0.25570526535796045	0.5719791227213629	0.34555292243817926	0.2264262002831836	0.5199398042860395	0.3152585252157643	0.20468127907027517	0.05203931843532339	0.030294397222414948	0.02174492121290844	0.5256013318373248	0.3284541966289179	0.19714713520840693	0.618356913605401	0.36265164824744056	0.25570526535796045	-0.06998603037379914	0.02678315256523911	-0.09676918293903825	0.17406466724444608	0.03380564187959073	0.14025902536485535	-0.06998603037379914	0.02678315256523911	-0.09676918293903825
bundle1	chr2	direct	0.4653724734885863	0.43169436308917886	0.033678110399407435	0.49377089232956617	0.4196937447800015	0.07407714754956468	0.46715063750499747	0.4643951871805001	0.002755450324497366	0.618684539568117	0.41974074920847887	0.1989437903596381	0.5420285065283517	0.4257175561488289	0.11631095037952277	0.48046076491728185	0.4420444659802508	0.038416298937031024	0.061567741611069815	-0.016326909831421932	0.07789465144249175	0.4653724734885863	0.43169436308917886	0.033678110399407435	0.618684539568117	0.41974074920847887	0.1989437903596381	-0.028398418840979878	0.012000618309177369	-0.040399037150157247	0.1515339020631195	-0.04465443797202123	0.19618834003514074	-0.028398418840979878	-0.04465443797202123	0.016256019131041355
bundle1	chr3	direct	0.4835608527821458	0.0985604635967543	0.3850003891853915	0.3297976411293465	0.12798083493151408	0.20181680619783243	0.2891620107197642	0.13965982074999275	0.14950218996977147	0.52799583847347	0.10296689038008908	0.4250289480933809	0.5057783456278079	0.10076367698842169	0.4050146686393862	0.30947982592455536	0.13382032784075343	0.17565949808380193	0.19629851970325252	-0.03305665085233174	0.22935517055558424	0.4835608527821458	0.0985604635967543	0.3850003891853915	0.52799583847347	0.10296689038008908	0.4250289480933809	0.15376321165279927	-0.029420371334759776	0.18318358298755905	0.23883382775370576	-0.036692930369903676	0.27552675812360944	0.15376321165279927	-0.036692930369903676	0.19045614202270295
bundle1	chr4	swapped	0.629461381600428	0.17886311929650686	0.4505982623039211	0.6285192210770371	0.11490038558392018	0.5136188354931168	0.5374011237922838	0.31175689058643313	0.22564423320585064	0.4021223307366322	0.2139875678386908	0.18813476289794143	0.5829601724346605	0.21332863808517666	0.3696315343494838	0.5157918561685301	0.19642534356759883	0.31936651260093124	0.0671683162661304	0.016903294517577827	0.050265021748552574	0.5374011237922838	0.31175689058643313	0.22564423320585064	0.6285192210770371	0.11490038558392018	0.5136188354931168	0.13527879305565155	0.09776932274774233	0.037509470307909215	-0.0009421605233909114	-0.06396273371258668	0.06302057318919577	-0.0009421605233909114	-0.06396273371258668	0.06302057318919577
bundle1	chr5	swapped	0.36984386191290336	0.10598900192239312	0.2638548599905102	0.44406417362922423	0.1313588407406762	0.31270533288854807	0.6037681493178063	0.13467179272714092	0.4690963565906654	0.4821268615273414	0.14536000332835305	0.33676685819898833	0.5239161614735153	0.13301531673390854	0.39090084473960673	0.42598536172012236	0.12567450262537308	0.3003108590947493	0.09793079975339292	0.0073408141085354595	0.09058998564485746	0.6037681493178063	0.13467179272714092	0.4690963565906654	0.44406417362922423	0.1313588407406762	0.31270533288854807	0.1216412877904649	-0.01068821060121214	0.13232949839167704	0.07422031171632087	0.025369838818283072	0.0488504728980378	0.07422031171632087	-0.01068821060121214	0.08490852231753301
bundle1	chr6	swapped	0.2715940123504136	0.16129296010245894	0.11030105224795464	0.49262097263155935	0.08063375340305937	0.4119872192285	0.4630872749373513	0.13090235041447407	0.33218492452287723	0.16004013286032936	0.05891934475232832	0.10112078810800104	0.47785412378445535	0.10576805190876672	0.37208607187568865	0.21581707260537147	0.11010615242739363	0.10571092017797784	0.2620370511790839	-0.004338100518626917	0.2663751516977108	0.4630872749373513	0.13090235041447407	0.33218492452287723	0.49262097263155935	0.08063375340305937	0.4119872192285	0.30304714207702194	0.07198300566214574	0.2310641364148762	0.22102696028114577	-0.08065920669939958	0.30168616698054534	0.22102696028114577	-0.08065920669939958	0.30168616698054534
bundle1	chr7	direct	0.3525606482222333	0.12394672525941638	0.22861392296281693	0.3955508468418192	0.24710676812435897	0.1484440787174602	0.2809185052695841	0.0708973530313663	0.21002115223821782	0.35440422637759816	0.18257381931352595	0.1718304070640722	0.35348243729991574	0.15326027228647116	0.2002221650134446	0.3382346760557017	0.15900206057786265	0.17923261547783903	0.015247761244214064	-0.005741788291391492	0.020989549535605556	0.3525606482222333	0.12394672525941638	0.22861392296281693	0.35440422637759816	0.18257381931352595	0.1718304070640722	-0.04299019861958586	-0.12316004286494259	0.08016984424535673	0.07348572110801405	0.11167646628215966	-0.03819074517414561	-0.04299019861958586	-0.12316004286494259	0.08016984424535673
bundle1	chr8	swapped	0.32616836886897804	0.1339546375877972	0.19221373128118086	0.44472638779226337	0.09990582116977761	0.3448205666224857	0.3711773820819514	0.06634987864679426	0.30482750343515713	0.28127610518792884	0.07605527296345765	0.20522083222447118	0.4079518849371074	0.08312784990828594	0.32482403502882146	0.30372223702845347	0.10500495527562742	0.19871728175282605	0.10422964790865391	-0.021877105367341484	0.1261067532759954	0.3711773820819514	0.06634987864679426	0.30482750343515713	0.44472638779226337	0.09990582116977761	0.3448205666224857	0.08990127689402255	-0.009705394316663396	0.09960667121068595	0.11855801892328532	-0.03404881641801957	0.1526068353413049	0.08990127689402255	-0.03404881641801957	0.12395009331204213
bundle1	chr9	swapped	0.37897540256609447	0.1409217175805761	0.23805368498551838	0.6258875121855534	0.21389926320199584	0.41198824898355757	0.29373695683476114	0.17237044727822182	0.12136650955653933	0.25215067083080245	0.09038815466871089	0.16176251616209156	0.4598122345101573	0.19313485524010882	0.2666773792700485	0.31556303669844843	0.11565493612464349	0.19990810057380493	0.14424919781170886	0.07747991911546533	0.06676927869624354	0.29373695683476114	0.17237044727822182	0.12136650955653933	0.6258875121855534	0.21389926320199584	0.41198824898355757	0.041586286003958695	0.08198229260951093	-0.04039600660555223	0.24691210961945892	0.07297754562141975	0.17393456399803917	0.041586286003958695	0.07297754562141975	-0.03139125961746106
bundle1	chr10	direct	0.45756941774175214	0.07274799539456149	0.38482142234719063	0.459505681631209	0.09390012558002818	0.3656055560511808	0.5026089902886716	0.07524927349644295	0.4273597167922286	0.6566606721465638	0.14366324620143497	0.5129974259451288	0.557115044944158	0.10820562079799823	0.44890942414615975	0.48105733595994027	0.08457469953823557	0.39648263642170467	0.07605770898421771	0.023630921259762655	0.052426787724455054	0.45756941774175214	0.07274799539456149	0.38482142234719063	0.6566606721465638	0.14366324620143497	0.5129974259451288	-0.0019362638894568351	-0.02115213018546669	0.019215866296009854	0.1540516818578922	0.06841397270499203	0.08563770915290017	-0.0019362638894568351	-0.02115213018546669	0.019215866296009854
bundle1	chr11	direct	0.47196928152537543	0.2815364450451499	0.19043283648022552	0.3240600453586105	0.253770152979361	0.07028989237924949	0.44756266521313165	0.21283631103788972	0.23472635417524193	0.5676506014968554	0.24962622697861866	0.31802437451823673	0.5198099415111155	0.2655813360118843	0.2542286054992312	0.38581135528587107	0.23330323200862535	0.15250812327724572	0.1339985862252444	0.03227810400325892	0.10172048222198549	0.47196928152537543	0.2815364450451499	0.19043283648022552	0.5676506014968554	0.24962622697861866	0.31802437451823673	0.14790923616676493	0.0277662920657889	0.12014294410097603	0.12008793628372377	0.036789915940728946	0.08329802034299483	0.12008793628372377	0.0277662920657889	0.09232164421793487
bundle1	chr12	direct	0.5373062797572103	0.13455732641183493	0.4027489533453754	0.30165266604666574	0.11498660031443354	0.1866660657322322	0.1802333951638381	0.08903635074048377	0.09119704442335433	0.335398449491025	0.05778415213390212	0.27761429735712284	0.43635236462411764	0.09617073927286852	0.34018162535124913	0.2409430306052519	0.10201147552745865	0.13893155507779326	0.19540933401886573	-0.005840736254590126	0.20125007027345587	0.5373062797572103	0.13455732641183493	0.4027489533453754	0.335398449491025	0.05778415213390212	0.27761429735712284	0.2356536137105446	0.01957072609740139	0.2160828876131432	0.15516505432718689	-0.031252198606581655	0.18641725293376854	0.15516505432718689	-0.031252198606581655	0.18641725293376854
bundle1	chr13	direct	0.6295565862333765	0.14456185199419685	0.48499473423917966	0.3717899299800887	0.14358423985293683	0.22820569012715186	0.5192664098242717	0.3078840780084852	0.21138233181578653	0.4122481904964239	0.17347585887166408	0.23877233162475983	0.5209023883649002	0.15901885543293048	0.36188353293196973	0.44552816990218025	0.22573415893071103	0.21979401097146922	0.07537421846271997	-0.06671530349778054	0.1420895219605005	0.6295565862333765	0.14456185199419685	0.48499473423917966	0.4122481904964239	0.17347585887166408	0.23877233162475983	0.2577666562532878	0.0009776121412600203	0.2567890441120278	-0.10701821932784783	-0.13440821913682113	0.027389999808973303	-0.10701821932784783	-0.13440821913682113	0.027389999808973303
bundle1	chr14	swapped	0.3891683327398124	0.20756873078819316	0.18159960195161923	0.5638380088057062	0.14391119475174866	0.4199268140539576	0.40506214476031777	0.19266309390910383	0.21239905085121394	0.3700216108452589	0.1607641822495436	0.2092574285957153	0.484450076783012	0.16828714433042624	0.31616293245258575	0.37959497179253565	0.18416645651886837	0.19542851527366728	0.10485510499047634	-0.01587931218844213	0.12073441717891847	0.40506214476031777	0.19266309390910383	0.21239905085121394	0.5638380088057062	0.14391119475174866	0.4199268140539576	0.03504053391505885	0.031898911659560214	0.003141622255498633	0.17466967606589384	-0.0636575360364445	0.23832721210233834	0.03504053391505885	-0.0636575360364445	0.09869806995150335
bundle1	chr15	swapped	0.24927313970995038	0.11794914609798658	0.13132399361196379	0.5433753628783409	0.27612022483855087	0.26725513803979	0.3405097197367624	0.1880361238769134	0.15247359585984901	0.460201389566197	0.24340602358454777	0.21679536598164922	0.4419425413075516	0.23207817435773215	0.20986436694981947	0.3547372646380737	0.18067758484126717	0.17405967979680653	0.08720527666947792	0.05140058951646498	0.03580468715301294	0.3405097197367624	0.1880361238769134	0.15247359585984901	0.5433753628783409	0.27612022483855087	0.26725513803979	-0.11969166982943458	-0.05536989970763437	-0.06432177012180021	0.2941022231683905	0.1581710787405643	0.13593114442782622	-0.11969166982943458	-0.05536989970763437	-0.06432177012180021
bundle1	chr16	swapped	0.30981252147942684	0.08373197087281609	0.22608055060661075	0.47149423431937887	0.05399884456433359	0.4174953897550453	0.2702502295208646	0.1175786989841524	0.15267153053671217	0.27372753522015486	0.10008875649778276	0.1736387787223721	0.37087223192012175	0.08578877177424299	0.28508346014587876	0.2917700283497908	0.09191036368529942	0.1998596646644914	0.07910220357033093	-0.006121591911056434	0.08522379548138737	0.2702502295208646	0.1175786989841524	0.15267153053671217	0.47149423431937887	0.05399884456433359	0.4174953897550453	-0.0034773056992902784	0.017489942486369633	-0.020967248185659912	0.16168171283995203	-0.029733126308482495	0.19141483914843452	-0.0034773056992902784	-0.029733126308482495	0.026255820609192217
bundle1	chr17	swapped	0.22377569232978606	0.1860937789291105	0.03768191340067556	0.3319799683499298	0.20777783883478498	0.12420212951514484	0.28693515258156593	0.1674420128259021	0.11949313975566384	0.3642823225937275	0.24676943193432727	0.11751289065940024	0.3094575604657479	0.18760992583034353	0.12184763463540438	0.29402900746175675	0.21643160543171888	0.07759740203003787	0.015428553003991152	-0.028821679601375355	0.04425023260536651	0.28693515258156593	0.1674420128259021	0.11949313975566384	0.3319799683499298	0.20777783883478498	0.12420212951514484	-0.07734717001216157	-0.07932741910842517	0.0019802490962635977	0.10820427602014376	0.021684059905674485	0.08652021611446928	-0.07734717001216157	-0.07932741910842517	0.0019802490962635977
bundle1	chr18	swapped	0.12189046048967893	0.11451866419345322	0.0073717962962257105	0.3284475220744262	0.0631055467794033	0.2653419752950229	0.35641801501102166	0.15654222087840658	0.19987579413261508	0.28159527337524476	0.03563752163754448	0.2459577517377003	0.3424327685427239	0.10982388382890494	0.23260888471381896	0.20174286693246185	0.07507809291549886	0.126664774016963	0.14068990161026207	0.034745790913406085	0.10594411069685598	0.35641801501102166	0.15654222087840658	0.19987579413261508	0.3284475220744262	0.0631055467794033	0.2653419752950229	0.0748227416357769	0.1209046992408621	-0.0460819576050852	0.20655706158474724	-0.051413117414049914	0.25797017899879715	0.0748227416357769	-0.051413117414049914	0.12623585904982682
bundle1	chr19	swapped	0.13876706006034678	0.1184470855250518	0.02031997453529498	0.46983398583256913	0.2831744067939547	0.1866595790386144	0.35220719748490553	0.15554460300378117	0.19666259448112436	0.47717567359969054	0.20807534483946222	0.2691003287602283	0.41102059165873733	0.21935950489886796	0.19166108675986937	0.3079713668300187	0.163261215182257	0.1447101516477617	0.10304922482871864	0.05609828971661096	0.04695093511210768	0.35220719748490553	0.15554460300378117	0.19666259448112436	0.46983398583256913	0.2831744067939547	0.1866595790386144	-0.12496847611478501	-0.052530741835681044	-0.07243773427910397	0.33106692577222235	0.16472732126890294	0.16633960450331942	-0.12496847611478501	-0.052530741835681044	-0.07243773427910397
bundle1	chrX	direct	0.5692113980428684	0.29928719281957766	0.2699242052232907	0.16322988131160604	0.06887903477409543	0.09435084653751061	0.36770238509135866	0.2696139281721753	0.09808845691918339	0.7108392700249433	0.2756828267854694	0.4351564432394739	0.6400253340339058	0.28748500980252356	0.35254032423138226	0.2654661332014824	0.16924648147313537	0.09621965172834701	0.37455920083242344	0.11823852832938819	0.25632067250303525	0.5692113980428684	0.29928719281957766	0.2699242052232907	0.7108392700249433	0.2756828267854694	0.4351564432394739	0.4059815167312623	0.23040815804548223	0.17557335868578008	0.34313688493358463	0.006068898613294127	0.3370679863202905	0.34313688493358463	0.006068898613294127	0.3370679863202905
bundle2	chr1	swapped	0.48270317994093986	0.2467316807674193	0.23597149917352056	0.6151270425940274	0.3118271458373193	0.3032998967567081	0.39259394879810483	0.23153166270011336	0.16106228609799147	0.4302190347897956	0.16554746423156955	0.2646715705582261	0.5038604956960662	0.27167940426871634	0.23218109142734983	0.4564611073653677	0.20613957249949444	0.2503215348658733	0.047399388330698455	0.0655398317692219	-0.018140443438523446	0.39259394879810483	0.23153166270011336	0.16106228609799147	0.6151270425940274	0.3118271458373193	0.3032998967567081	-0.03762508599169079	0.06598419846854381	-0.1036092844602346	0.13242386265308753	0.0650954650699	0.06732839758318754	-0.03762508599169079	0.0650954650699	-0.10272055106159078
bundle2	chr2	swapped	0.42226396723236626	0.1943074096380725	0.22795655759429376	0.6942490599907079	0.23971818844276344	0.4545308715479444	0.4556156079605909	0.172026327793492	0.28358928016709894	0.3345534320780919	0.25400125349403474	0.08055217858405717	0.5749323339756494	0.2058722581181277	0.36906007585752165	0.37840869965522905	0.22415433156605363	0.15425436808917542	0.1965236343204203	-0.01828207344792593	0.21480570776834623	0.4556156079605909	0.172026327793492	0.28358928016709894	0.6942490599907079	0.23971818844276344	0.4545308715479444	0.12106217588249901	-0.08197492570054274	0.20303710158304175	0.2719850927583416	0.04541077880469094	0.22657431395365066	0.12106217588249901	-0.08197492570054274	0.20303710158304175
bundle2	chr3	swapped	0.24598662522854514	0.05802067808151493	0.18796594714703022	0.37955257304099094	0.013483335607963522	0.36606923743302744	0.45208972693673544	0.09071138662374374	0.3613783403129917	0.36798332377403264	0.07365269588287057	0.29433062789116204	0.4158211499888632	0.052097361115853634	0.3637237888730096	0.3069849745012889	0.06583668698219275	0.24114828751909617	0.1088361754875743	-0.013739325866339115	0.1225755013539134	0.45208972693673544	0.09071138662374374	0.3613783403129917	0.37955257304099094	0.013483335607963522	0.36606923743302744	0.08410640316270279	0.01705869074087317	0.06704771242182962	0.1335659478124458	-0.044537342473551414	0.1781032902859972	0.08410640316270279	-0.044537342473551414	0.1286437456362542
bundle2	chr4	direct	0.5447764500024901	0.2933277668606695	0.25144868314182056	0.38116389346332413	0.20812646233206017	0.17303743113126396	0.6200969251687299	0.155302648921475	0.46479427624725494	0.67430350408343	0.11098843925149277	0.5633150648319372	0.60953997704296	0.20215810305608115	0.40738187398687886	0.500630409316027	0.18171455562676758	0.3189158536892594	0.10890956772693305	0.020443547429313563	0.08846602029761949	0.5447764500024901	0.2933277668606695	0.25144868314182056	0.67430350408343	0.11098843925149277	0.5633150648319372	0.16361255653916595	0.08520130452860936	0.0784112520105566	0.05420657891470004	-0.04431420966998223	0.09852078858468227	0.05420657891470004	-0.04431420966998223	0.09852078858468227
bundle2	chr5	direct	0.5670149526258353	0.20963036393741538	0.35738458868841994	0.48417097720248253	0.20966954715188746	0.2745014300505951	0.5689171207643442	0.24816636475642764	0.3207507560079166	0.6613795427752425	0.15394918394945797	0.5074303588257845	0.6141972477005389	0.18178977394343668	0.4324074737571022	0.5265440489834133	0.22891795595415754	0.2976260930292558	0.08765319871712551	-0.04712818201072086	0.13478138072784637	0.5670149526258353	0.20963036393741538	0.35738458868841994	0.6613795427752425	0.15394918394945797	0.5074303588257845	0.08284397542335281	-3.918321447207718e-05	0.08288315863782489	0.09246242201089827	-0.09421718080696967	0.18667960281786794	0.08284397542335281	-0.09421718080696967	0.17706115623032248
bundle2	chr6	swapped	0.42540596080829857	0.2306133166411554	0.19479264416714318	0.34952159138643235	0.04402914504362971	0.30549244634280265	0.30491527570480853	0.13992096737745674	0.1649943083273518	0.11672915986562127	0.06710109606783378	0.04962806379778749	0.3272184335456204	0.09197505621054322	0.2352433773350772	0.2710675603369599	0.1488572063544946	0.1222103539824653	0.05615087320866052	-0.05688215014395137	0.1130330233526119	0.30491527570480853	0.13992096737745674	0.1649943083273518	0.34952159138643235	0.04402914504362971	0.30549244634280265	0.18818611583918726	0.07281987130962296	0.1153662445295643	-0.07588436942186622	-0.1865841715975257	0.11069980217565947	-0.07588436942186622	-0.1865841715975257	0.11069980217565947
bundle2	chr7	direct	0.41171845859085293	0.03170758104334648	0.38001087754750645	0.4994688727808514	0.10462903785424606	0.39483983492660535	0.16533188450364594	0.11629548020859123	0.04903640429505471	0.291023574246701	0.10012248810501534	0.19090108614168566	0.351371016418777	0.06591503457418091	0.2854559818445961	0.3324003786422487	0.11046225903141865	0.22193811961083004	0.0189706377765283	-0.044547224457237744	0.06351786223376604	0.41171845859085293	0.03170758104334648	0.38001087754750645	0.291023574246701	0.10012248810501534	0.19090108614168566	-0.08775041418999846	-0.07292145681089958	-0.014828957379098881	0.12569168974305506	-0.016172992103575895	0.14186468184663095	-0.08775041418999846	-0.07292145681089958	-0.014828957379098881
bundle2	chr8	swapped	0.26852019533565336	0.23149593940719648	0.03702425592845687	0.7680870295463995	0.3700619881707126	0.3980250413756869	0.5265665070854673	0.31106654892128227	0.215499958164185	0.4516423001989602	0.39931343078391257	0.05232886941504761	0.6473267683159334	0.3405642685459974	0.30676249976993597	0.36008124776730677	0.3154046850955545	0.04467656267175224	0.2872455205486266	0.02515958345044289	0.26208593709818373	0.5265665070854673	0.31106654892128227	0.215499958164185	0.7680870295463995	0.3700619881707126	0.3980250413756869	0.07492420688650708	-0.0882468818626303	0.16317108874913738	0.49956683421074616	0.13856604876351614	0.36100078544723	0.07492420688650708	-0.0882468818626303	0.16317108874913738
bundle2	chr9	direct	0.3359354773829947	0.17360930293065246	0.1623261744523422	0.4722337033227773	0.16048382385880855	0.31174987946396876	0.3615542175941582	0.06421029763210569	0.2973439199620525	0.5137777814280917	0.00012442317520816004	0.5136533582528836	0.4248566294055432	0.08686686305293032	0.3379897663526129	0.4168939604584677	0.11234706074545711	0.30454689971301063	0.00796266894707548	-0.025480197692526796	0.033442866639602276	0.3359354773829947	0.17360930293065246	0.1623261744523422	0.5137777814280917	0.00012442317520816004	0.5136533582528836	-0.13629822593978264	0.013125479071843915	-0.14942370501162655	0.15222356383393354	-0.06408587445689752	0.21630943829083105	-0.13629822593978264	-0.06408587445689752	-0.07221235148288511
bundle2	chr10	direct	0.6126754694990442	0.12064688153270475	0.4920285879663394	0.5345374113496056	0.1445034158734549	0.39003399547615075	0.32905284082236164	0.12819978011931163	0.20085306070305	0.5525368609875289	0.22565319791946992	0.32688366306805894	0.5826061652432866	0.17315003972608733	0.40945612551719923	0.43179512608598364	0.13635159799638324	0.2954435280896004	0.15081103915730293	0.03679844172970409	0.11401259742759884	0.6126754694990442	0.12064688153270475	0.4920285879663394	0.5525368609875289	0.22565319791946992	0.32688366306805894	0.07813805814943853	-0.023856534340750135	0.10199459249018866	0.22348402016516722	0.09745341780015829	0.12603060236500893	0.07813805814943853	-0.023856534340750135	0.10199459249018866
bundle2	chr11	direct	0.6101518188122232	0.48481255326251527	0.12533926554970798	0.5044022876807065	0.5000026267836338	0.004399660897072666	0.4773491578019038	0.45064385485099984	0.026705302950903953	0.561372442502422	0.5266029008975902	0.03476954160483181	0.5857621306573226	0.5057077270800527	0.0800544035772699	0.49087572274130514	0.4753232408173168	0.015552481923988337	0.09488640791601749	0.030384486262735932	0.06450192165328156	0.6101518188122232	0.48481255326251527	0.12533926554970798	0.561372442502422	0.5266029008975902	0.03476954160483181	0.10574953113151675	-0.015190073521118563	0.12093960465263531	0.08402328470051823	0.07595904604659037	0.008064238653927858	0.08402328470051823	-0.015190073521118563	0.0992133582216368
bundle2	chr12	direct	0.35273836603775216	0.2094512886325165	0.14328707740523566	0.3083755921574406	0.10023135034488169	0.20814424181255892	0.28397695559411934	0.23229327571549604	0.051683679878623295	0.3612097230215731	0.1356709744656449	0.2255387485559282	0.35697404452966264	0.1725611315490807	0.18441291298058193	0.29617627387577994	0.16626231303018887	0.12991396084559106	0.0607977706538827	0.00629881851889183	0.05449895213499087	0.35273836603775216	0.2094512886325165	0.14328707740523566	0.3612097230215731	0.1356709744656449	0.2255387485559282	0.04436277388031157	0.10921993828763481	-0.06485716440732324	0.07723276742745377	-0.09662230124985113	0.1738550686773049	0.04436277388031157	-0.09662230124985113	0.1409850751301627
bundle2	chr13	direct	0.5087693368059811	0.3069674922315671	0.20180184457441402	0.47251832198396404	0.179522013105352	0.29299630887861206	0.286220262417248	0.13617901158089038	0.15004125083635764	0.4980915626662653	0.12537304685210948	0.3727185158141558	0.5034304497361233	0.2161702695418383	0.287260180194285	0.379369292200606	0.1578505123431212	0.2215187798574848	0.12406115753551727	0.0583197571987171	0.06574140033680018	0.5087693368059811	0.3069674922315671	0.20180184457441402	0.4980915626662653	0.12537304685210948	0.3727185158141558	0.03625101482201709	0.1274454791262151	-0.091194464304198	0.2118713002490173	-0.010805964728780898	0.2226772649777982	0.03625101482201709	-0.010805964728780898	0.04705697955079799
bundle2	chr14	swapped	0.42029026310511186	0.48923667878082333	-0.06894641567571147	0.6741894393542434	0.42760622492778333	0.24658321442646003	0.49905296225726287	0.3803466881006539	0.11870627415660895	0.36082007900416935	0.3625493685343214	-0.0017292895301520561	0.5866212008057531	0.40397645651421865	0.18264474429153443	0.3905551710546406	0.42589302365757237	-0.03533785260293176	0.19606602975111248	-0.021916567143353716	0.2179825968944662	0.49905296225726287	0.3803466881006539	0.11870627415660895	0.6741894393542434	0.42760622492778333	0.24658321442646003	0.13823288325309352	0.017797319566332515	0.120435563686761	0.2538991762491315	-0.06163045385304	0.3155296301021715	0.13823288325309352	-0.06163045385304	0.19986333710613352
bundle2	chr15	swapped	0.22422480533555744	0.08687298140780612	0.1373518239277513	0.504944346880337	0.07330142709991816	0.4316429197804188	0.5632736840678622	0.20882882593182517	0.354444858136037	0.38053961180862145	0.13761763559507711	0.24292197621354433	0.5341090154740995	0.14106512651587166	0.39304388895822784	0.3023822085720894	0.11224530850144163	0.1901369000706478	0.23172680690201009	0.028819818014430038	0.20290698888758005	0.5632736840678622	0.20882882593182517	0.354444858136037	0.504944346880337	0.07330142709991816	0.4316429197804188	0.1827340722592407	0.07121119033674805	0.11152288192249266	0.2807195415447795	-0.013571554307887965	0.2942910958526675	0.1827340722592407	-0.013571554307887965	0.1963056265671287
bundle2	chr16	direct	0.2548817071380702	0.03405446552242766	0.22082724161564252	0.2696137398365014	0.08952256559576383	0.18009117424073756	0.19541956983739328	0.029792324405250876	0.1656272454321424	0.3381140601444045	0.08298845813512179	0.2551256020092827	0.2964978836412373	0.058521461828774726	0.2379764218124626	0.23251665483694733	0.05965744500050735	0.17285920983644	0.06398122880428997	-0.0011359831717326213	0.06511721197602259	0.2548817071380702	0.03405446552242766	0.22082724161564252	0.3381140601444045	0.08298845813512179	0.2551256020092827	-0.014732032698431208	-0.05546810007333616	0.040736067374904955	0.1426944903070112	0.05319613372987091	0.08949835657714028	-0.014732032698431208	-0.05546810007333616	0.040736067374904955
bundle2	chr17	swapped	0.17688941800565627	0.11102522465394267	0.0658641933517136	0.4025872626552345	0.1400691301803265	0.26251813247490796	0.3110198247406516	0.09754670976701887	0.21347311497363272	0.3017133376548426	0.10992682498028264	0.19178651267455996	0.35680354369794304	0.11880791997367268	0.23799562372427036	0.23930137783024943	0.11047602481711266	0.12882535301313677	0.1175021658676936	0.00833189515656002	0.10917027071113358	0.3110198247406516	0.09754670976701887	0.21347311497363272	0.4025872626552345	0.1400691301803265	0.26251813247490796	0.009306487085809001	-0.012380115213263765	0.021686602299072766	0.2256978446495782	0.02904390552638382	0.1966539391231944	0.009306487085809001	-0.012380115213263765	0.021686602299072766
bundle2	chr18	swapped	0.17383622424999814	0.042577135121003536	0.13125908912899462	0.33046278637332277	0.11171674539151082	0.21874604098181194	0.37942212887054255	0.0512099906967191	0.32821213817382344	0.16258883431778323	0.09650530778007244	0.0660835265377108	0.35494245762193266	0.08146336804411496	0.2734790895778177	0.1682125292838907	0.06954122145053798	0.0986713078333527	0.18672992833804197	0.011922146593576974	0.17480778174446499	0.37942212887054255	0.0512099906967191	0.32821213817382344	0.33046278637332277	0.11171674539151082	0.21874604098181194	0.21683329455275932	-0.04529531708335333	0.2621286116361127	0.15662656212332463	0.06913961027050727	0.08748695185281735	0.15662656212332463	-0.04529531708335333	0.20192187920667795
bundle2	chr19	swapped	0.16523479863271953	0.3357873454616267	-0.17055254682890716	0.36088461432535995	0.40014134358721587	-0.039256729261855916	0.3983579954028543	0.30777339887662347	0.09058459652623085	0.4791456477542626	0.38950430889353727	0.08964133886072534	0.37962130486410717	0.35395737123191967	0.025663933632187497	0.32219022319349105	0.362645827177582	-0.040455603984090927	0.05743108167061611	-0.00868845594566231	0.06611953761627842	0.3983579954028543	0.30777339887662347	0.09058459652623085	0.36088461432535995	0.40014134358721587	-0.039256729261855916	-0.08078765235140828	-0.0817309100169138	0.0009432576655055147	0.19564981569264042	0.06435399812558917	0.13129581756705125	-0.08078765235140828	-0.0817309100169138	0.0009432576655055147
bundle2	chrX	swapped	0.595780127411267	0.38248109193045865	0.2132990354808083	0.5012987489913273	0.32890901551074536	0.17238973348058195	0.5819075279056908	0.3829936613454777	0.1989138665602131	0.39379457431907	0.2159792680279946	0.1778153062910754	0.541603138448509	0.35595133842811155	0.1856518000203975	0.49478735086516845	0.29923017997922663	0.19555717088594182	0.046815787583340596	0.05672115844888492	-0.009905370865544327	0.5819075279056908	0.3829936613454777	0.1989138665602131	0.5012987489913273	0.32890901551074536	0.17238973348058195	0.18811295358662078	0.16701439331748308	0.0210985602691377	-0.09448137841993964	-0.05357207641971329	-0.040909302000226355	-0.09448137841993964	-0.05357207641971329	-0.040909302000226355
bundle3	chr1	direct	0.5279165533383924	0.37532565154882	0.15259090178957235	0.5173289795569901	0.3412462329685758	0.17608274658841427	0.5292665470553561	0.23985680861648156	0.2894097384388746	0.6342540758170094	0.23795848304970998	0.3962955927672994	0.5810853145777009	0.306642067299265	0.27444324727843583	0.5232977633061731	0.29055152079252866	0.2327462425136444	0.05778755127152779	0.01609054650673636	0.041697004764791434	0.5279165533383924	0.37532565154882	0.15259090178957235	0.6342540758170094	0.23795848304970998	0.3962955927672994	0.010587573781402293	0.034079418580244214	-0.02349184479884192	0.10498752876165329	-0.0018983255667715804	0.10688585432842487	0.010587573781402293	-0.0018983255667715804	0.012485899348173873
bundle3	chr2	swapped	0.39271170117513515	0.14842903134626265	0.2442826698288725	0.5314719966822058	0.18600431891522626	0.3454676777669795	0.5905948770912848	0.20649114040869104	0.38410373668259373	0.45985650994063776	0.157191529612293	0.30266498032834477	0.5610334368867453	0.19624772966195864	0.3647857072247867	0.42628410555788643	0.1528102804792778	0.2734738250786086	0.1347493313288589	0.04343744918268083	0.09131188214617808	0.5905948770912848	0.20649114040869104	0.38410373668259373	0.5314719966822058	0.18600431891522626	0.3454676777669795	0.13073836715064702	0.04929961079639805	0.08143875635424896	0.13876029550707064	0.03757528756896361	0.10118500793810703	0.13073836715064702	0.03757528756896361	0.0931630795816834
bundle3	chr3	swapped	0.24643710842839064	0.20813266157605384	0.038304446852336804	0.6231045146493653	0.21465777634027933	0.408446738309086	0.45176767703896703	0.21119419862947494	0.2405734784094921	0.36847092700081174	0.14894654535458365	0.2195243816462281	0.5374360958441662	0.21292598748487712	0.32451010835928906	0.3074540177146012	0.17853960346531875	0.12891441424928243	0.229982078129565	0.034386384019558375	0.19559569411000663	0.45176767703896703	0.21119419862947494	0.2405734784094921	0.6231045146493653	0.21465777634027933	0.408446738309086	0.08329675003815529	0.06224765327489129	0.021049096763263997	0.3766674062209747	0.006525114764225487	0.37014229145674926	0.08329675003815529	0.006525114764225487	0.0767716352739298
bundle3	chr4	swapped	0.44204272236581194	0.13460806254060534	0.30743465982520657	0.44111210687156027	0.14550731141902076	0.2956047954525395	0.6719384122754276	0.3718051089507086	0.300133303324719	0.5549681440277588	0.26740983771831617	0.2875583063094427	0.556525259573494	0.2586562101848647	0.2978690493886293	0.4985054331967854	0.20100895012946074	0.2974964830673247	0.05801982637670855	0.05764726005540394	0.00037256632130461265	0.6719384122754276	0.3718051089507086	0.300133303324719	0.44111210687156027	0.14550731141902076	0.2956047954525395	0.11697026824766876	0.10439527123239245	0.012574997015276312	-0.0009306154942516631	0.010899248878415424	-0.011829864372667087	-0.0009306154942516631	0.010899248878415424	-0.011829864372667087
bundle3	chr5	direct	0.5594402044500087	0.26335543859646726	0.2960847658535415	0.5751583180097679	0.22316524135723162	0.3519930766525363	0.5778560073727879	0.40695709428070775	0.1708989130920801	0.6092953725656763	0.43669972722977074	0.1725956453359056	0.5843677885078425	0.350027582913119	0.23434020559472357	0.5765071626912779	0.3150611678189697	0.2614459948723082	0.00786062581656466	0.03496641509414927	-0.027105789277584613	0.5594402044500087	0.26335543859646726	0.2960847658535415	0.6092953725656763	0.43669972722977074	0.1725956453359056	-0.01571811355975916	0.04019019723923564	-0.055908310798994804	0.03143936519288848	0.029742632949062986	0.001696732243825494	-0.01571811355975916	0.029742632949062986	-0.04546074650882215
bundle3	chr6	swapped	0.23927901938914908	0.1212476007686205	0.11803141862052859	0.17682749420662552	0.02113061317040099	0.15569688103622453	0.4578251728600983	0.2199927035699727	0.23783246929012558	0.358216200805273	0.10823326389472324	0.24998293691054976	0.3173263335333619	0.12056165837018684	0.19676467516317508	0.29874761009721107	0.11474043233167186	0.1840071777655392	0.018578723436150857	0.005821226038514982	0.012757497397635875	0.4578251728600983	0.2199927035699727	0.23783246929012558	0.17682749420662552	0.02113061317040099	0.15569688103622453	0.09960897205482527	0.11175943967524946	-0.012150467620424182	-0.06245152518252356	-0.1001169875982195	0.03766546241569595	-0.06245152518252356	-0.1001169875982195	0.03766546241569595
bundle3	chr7	direct	0.3736379841359171	0.13307989517392568	0.2405580889619914	0.42155532058809486	0.2309097855768255	0.19064553501126935	0.3015335456645364	0.22356036869909565	0.07797317696544073	0.36054058417767226	0.16416666854118023	0.19637391563649204	0.36708928415679465	0.14862328185755297	0.21846600229924168	0.3615444331263156	0.2272350771379606	0.13430935598835503	0.0055448510304790255	-0.07861179528040763	0.08415664631088665	0.3736379841359171	0.13307989517392568	0.2405580889619914	0.36054058417767226	0.16416666854118023	0.19637391563649204	-0.04791733645217777	-0.09782989040289983	0.049912553950722055	0.05900703851313588	-0.059393700157915424	0.1184007386710513	-0.04791733645217777	-0.09782989040289983	0.049912553950722055
bundle3	chr8	direct	0.4184253261455597	0.343857684439115	0.0745676417064447	0.5377237063126545	0.39670823233837604	0.1410154739742785	0.3468464611263302	0.25400905176103034	0.09283740936529988	0.7034012475503473	0.4245191403940851	0.27888210715626216	0.5609132868479535	0.38418841241660007	0.17672487443135343	0.4422850837194924	0.3253586420497032	0.11692644166978916	0.11862820312846112	0.05882977036689685	0.05979843276156427	0.4184253261455597	0.343857684439115	0.0745676417064447	0.7034012475503473	0.4245191403940851	0.27888210715626216	-0.11929838016709482	-0.052850547899261024	-0.0664478322678338	0.35655478642401706	0.17051008863305478	0.18604469779096228	-0.11929838016709482	-0.052850547899261024	-0.0664478322678338
bundle3	chr9	direct	0.40165544731005287	0.216826178224183	0.18482926908586986	0.48202064039135567	0.2329872107982948	0.24903342959306088	0.3752216780622875	0.13646843111752285	0.23875324694476466	0.4702389203293497	0.1927418899687511	0.2774970303605986	0.4359471838197013	0.20478403409646706	0.23116314972323426	0.4286211592268216	0.18472782095790882	0.24389333826891277	0.007326024592879732	0.020056213138558238	-0.012730188545678506	0.40165544731005287	0.216826178224183	0.18482926908586986	0.4702389203293497	0.1927418899687511	0.2774970303605986	-0.0803651930813028	-0.016161032574111778	-0.06420416050719102	0.09501724226706221	0.05627345885122825	0.038743783415833954	-0.0803651930813028	-0.016161032574111778	-0.06420416050719102
bundle3	chr10	swapped	0.21030486131319792	0.11730714803033998	0.09299771328285794	0.347779512717941	0.17960156127291868	0.16817795144502232	0.6138744980719544	0.1727931067054666	0.4410813913664878	0.5160974352558393	0.19270208396577765	0.32339535129006164	0.4808270053949477	0.17619733398919263	0.3046296714057551	0.3632011482845186	0.15500461599805881	0.2081965322864598	0.11762585711042911	0.021192717991133814	0.0964331391192953	0.6138744980719544	0.1727931067054666	0.4410813913664878	0.347779512717941	0.17960156127291868	0.16817795144502232	0.09777706281611509	-0.019908977260311045	0.11768604007642613	0.13747465140474308	0.0622944132425787	0.07518023816216438	0.09777706281611509	-0.019908977260311045	0.11768604007642613
bundle3	chr11	swapped	0.566962878960438	0.4292596150943638	0.13770326386607418	0.7088948245877629	0.3984562269496984	0.3104385976380645	0.6354056962802359	0.39134366715215735	0.24406202912807856	0.4337755242040677	0.2961065209679379	0.1376690032361298	0.6721502604339994	0.3948999470509279	0.2772503133830715	0.5003692015822528	0.3626830680311508	0.13768613355110204	0.17178105885174655	0.0322168790197771	0.13956417983196945	0.6354056962802359	0.39134366715215735	0.24406202912807856	0.7088948245877629	0.3984562269496984	0.3104385976380645	0.20163017207616823	0.09523714618421947	0.10639302589194877	0.14193194562732492	-0.030803388144665378	0.1727353337719903	0.14193194562732492	-0.030803388144665378	0.1727353337719903
bundle3	chr12	direct	0.2535919778130181	0.10790419825250384	0.14568777956051426	0.3167156383006705	0.12138739141634038	0.19532824688433015	0.22984972636361023	0.13145048630724096	0.09839924005636927	0.3283043325548727	0.11851208093779594	0.20979225161707674	0.2909481551839454	0.11320813959514989	0.1777400155887955	0.27328268233214037	0.12641893886179068	0.1468637434703497	0.01766547285180503	-0.013210799266640788	0.03087627211844582	0.2535919778130181	0.10790419825250384	0.14568777956051426	0.3283043325548727	0.11851208093779594	0.20979225161707674	-0.06312366048765239	-0.013483193163836532	-0.04964046732381586	0.09845460619126245	-0.012938405369445016	0.11139301156070747	-0.06312366048765239	-0.013483193163836532	-0.04964046732381586
bundle3	chr13	direct	0.444719406625598	0.32853091829511577	0.11618848833048223	0.43759681879950674	0.47705886080412874	-0.039462042004622	0.5117395577335822	0.34730489298298534	0.16443466475059682	0.6065629714070663	0.3905761108216621	0.21598686058540417	0.5256411890163322	0.3595535145583889	0.16608767445794326	0.47466818826654444	0.412181876893557	0.062486311372987435	0.05097300074978772	-0.0526283623351681	0.10360136308495582	0.444719406625598	0.32853091829511577	0.11618848833048223	0.6065629714070663	0.3905761108216621	0.21598686058540417	0.0071225878260912645	-0.14852794250901297	0.15565053033510423	0.09482341367348412	0.04327121783867677	0.05155219583480736	0.0071225878260912645	-0.14852794250901297	0.15565053033510423
bundle3	chr14	direct	0.47856760213102584	0.23295180504105004	0.2456157970899758	0.3831378673591804	0.1497272136597056	0.23341065369947478	0.3901860866428373	0.37508230106871954	0.01510378557411779	0.6203871386115851	0.2804833276383973	0.33990381097318784	0.5494773703713055	0.25671756633972365	0.29275980403158186	0.38666197700100885	0.26240475736421254	0.12425721963679631	0.16281539337029666	-0.005687191024488891	0.16850258439478555	0.47856760213102584	0.23295180504105004	0.2456157970899758	0.6203871386115851	0.2804833276383973	0.33990381097318784	0.09542973477184546	0.08322459138134444	0.012205143390501022	0.2302010519687478	-0.09459897343032225	0.32480002539907005	0.09542973477184546	-0.09459897343032225	0.19002870820216772
bundle3	chr15	direct	0.3561636324421001	0.22013864812348438	0.1360249843186157	0.24383704221735353	0.14098906226108	0.10284797995627354	0.3633094597942121	0.12309376082259688	0.2402156989716152	0.5809874477096344	0.1404893979676366	0.4404980497419978	0.4685755400758672	0.1803140230455605	0.2882615170303067	0.3035732510057828	0.13204141154183843	0.17153183946394437	0.1650022890700844	0.04827261150372206	0.11672967756636235	0.3561636324421001	0.22013864812348438	0.1360249843186157	0.5809874477096344	0.1404893979676366	0.4404980497419978	0.11232659022474656	0.07914958586240439	0.033177004362342166	0.2176779879154223	0.017395637145039722	0.2002823507703826	0.11232659022474656	0.017395637145039722	0.09493095307970684
bundle3	chr16	swapped	0.29759238925281095	0.1429737212610641	0.15461866799174684	0.4766279785815634	0.13869800603750296	0.33792997254406043	0.22877310434387	0.17229300063467473	0.05648010370919526	0.21960544428998366	0.01576059791506678	0.20384484637491687	0.3527005414627167	0.15549550333608886	0.19720503812662782	0.2585989167713973	0.07936715958806545	0.17923175718333184	0.09410162469131939	0.07612834374802341	0.017973280943295977	0.22877310434387	0.17229300063467473	0.05648010370919526	0.4766279785815634	0.13869800603750296	0.33792997254406043	0.009167660053886334	0.15653240271960794	-0.1473647426657216	0.17903558932875246	-0.004275715223561155	0.18331130455231362	0.009167660053886334	-0.004275715223561155	0.013443375277447489
bundle3	chr17	swapped	0.09627153152354549	0.13206140127242344	-0.03578986974887795	0.3961758518661208	0.13873017489041858	0.2574456769757022	0.34630255304924984	0.08896670754828458	0.2573358455009653	0.30532766449744636	0.1422061296293537	0.16312153486809267	0.3712392024576853	0.11384844121935159	0.2573907612383337	0.20079959801049593	0.13713376545088857	0.06366583255960737	0.1704396044471894	-0.02328532423153698	0.19372492867872637	0.34630255304924984	0.08896670754828458	0.2573358455009653	0.3961758518661208	0.13873017489041858	0.2574456769757022	0.04097488855180348	-0.05323942208106912	0.0942143106328726	0.2999043203425753	0.006668773617995144	0.2932355467245802	0.04097488855180348	-0.05323942208106912	0.0942143106328726
bundle3	chr18	direct	0.4527411620854206	0.20966406022046208	0.2430771018649585	0.16771267920368643	0.3469965502987315	-0.17928387109504507	0.1969498743697576	0.2537817087690977	-0.056831834399340114	0.4150435279903006	0.37602862950446103	0.039014898485839555	0.43389234503786056	0.2928463448624615	0.14104600017539903	0.182331276786722	0.3003891295339146	-0.1180578527471926	0.25156106825113855	-0.007542784671453084	0.25910385292259164	0.4527411620854206	0.20966406022046208	0.2430771018649585	0.4150435279903006	0.37602862950446103	0.039014898485839555	0.28502848288173416	-0.13733249007826942	0.4223609729600036	0.21809365362054298	0.12224692073536331	0.09584673288517967	0.21809365362054298	-0.13733249007826942	0.3554261436988124
bundle3	chr19	direct	0.22071876280871627	0.20353363644050554	0.017185126368210735	0.2927165163468212	0.25105797801287616	0.04165853833394506	0.32835940123489515	0.2533172192330852	0.07504218200180995	0.50696752719277	0.23824083295567017	0.2687266942370999	0.36384314500074316	0.22088723469808785	0.1429559103026553	0.3105379587908582	0.2521875986229807	0.058350360167877535	0.05330518620988495	-0.03130036392489283	0.08460555013477777	0.22071876280871627	0.20353363644050554	0.017185126368210735	0.50696752719277	0.23824083295567017	0.2687266942370999	-0.07199775353810495	-0.04752434157237062	-0.024473411965734326	0.1786081259578749	-0.015076386277415033	0.19368451223528993	-0.07199775353810495	-0.04752434157237062	-0.024473411965734326
bundle3	chrX	direct	0.642949757916696	0.3590149913510395	0.28393476656565647	0.3996689698567239	0.17771246293460422	0.22195650692211968	0.4716590317045704	0.3512284426318872	0.12043058907268323	0.5063954731176397	0.2239188992268416	0.28247657389079806	0.5746726155171678	0.29146694528894057	0.2832056702282272	0.43566400078064715	0.2644704527832457	0.17119354799740144	0.1390086147365206	0.026996492505694858	0.11201212223082574	0.642949757916696	0.3590149913510395	0.28393476656565647	0.5063954731176397	0.2239188992268416	0.28247657389079806	0.24328078805997205	0.18130252841643527	0.06197825964353679	0.03473644141306925	-0.12730954340504558	0.16204598481811483	0.03473644141306925	-0.12730954340504558	0.16204598481811483
