condition_id	chromosome	locked_orientation	locked_pairing	rho_A_mat	locked_rho_A_mat	absdiff_rho_A_mat	rho_A_pat	locked_rho_A_pat	absdiff_rho_A_pat	rho_B_mat	locked_rho_B_mat	absdiff_rho_B_mat	rho_B_pat	locked_rho_B_pat	absdiff_rho_B_pat	matched	locked_matched	absdiff_matched	cross	locked_cross	absdiff_cross	contrast	locked_contrast	absdiff_contrast	matched_ref1	locked_matched_ref1	absdiff_matched_ref1	matched_ref2	locked_matched_ref2	absdiff_matched_ref2	margin_mat	locked_margin_mat	absdiff_margin_mat	margin_pat	locked_margin_pat	absdiff_margin_pat	minmargin	locked_minmargin	absdiff_minmargin
v1_original_random_joint	chr1	swapped	cross	0.48942465975775024	0.4894246597577501	1.1102230246251565e-16	0.7797499716726471	0.7797499716726471	0.0	0.5601095185310724	0.5601095185310723	1.1102230246251565e-16	0.5778770696862939	0.5778770696862938	1.1102230246251565e-16	0.6699297451018598	0.6699297451018598	0.0	0.5336508647220221	0.533650864722022	1.1102230246251565e-16	0.1362788803798377	0.13627888037983782	1.1102230246251565e-16	0.5601095185310724	0.5601095185310723	1.1102230246251565e-16	0.7797499716726471	0.7797499716726471	0.0	-0.01776755115522155	-0.01776755115522155	0.0	0.2903253119148969	0.290325311914897	1.1102230246251565e-16	-0.01776755115522155	-0.01776755115522155	0.0
v1_original_random_joint	chr2	direct	direct	0.5256132454759175	0.5256132454759176	1.1102230246251565e-16	0.4820235303463333	0.48202353034633333	5.551115123125783e-17	0.4559770187391228	0.4559770187391229	1.1102230246251565e-16	0.543549027348731	0.5435490273487311	1.1102230246251565e-16	0.5345811364123243	0.5345811364123243	0.0	0.469000274542728	0.4690002745427281	5.551115123125783e-17	0.06558086186959627	0.06558086186959622	5.551115123125783e-17	0.5256132454759175	0.5256132454759176	1.1102230246251565e-16	0.543549027348731	0.5435490273487311	1.1102230246251565e-16	0.043589715129584206	0.04358971512958426	5.551115123125783e-17	0.08757200860960823	0.08757200860960823	0.0	0.043589715129584206	0.04358971512958426	5.551115123125783e-17
v1_original_random_joint	chr3	direct	direct	0.43766698518364694	0.43766698518364705	1.1102230246251565e-16	0.22106868846219946	0.22106868846219951	5.551115123125783e-17	0.3260203640748532	0.32602036407485324	5.551115123125783e-17	0.7252925034085832	0.7252925034085833	1.1102230246251565e-16	0.581479744296115	0.5814797442961152	1.1102230246251565e-16	0.2735445262685263	0.2735445262685264	5.551115123125783e-17	0.3079352180275887	0.3079352180275888	5.551115123125783e-17	0.43766698518364694	0.43766698518364705	1.1102230246251565e-16	0.7252925034085832	0.7252925034085833	1.1102230246251565e-16	0.21659829672144748	0.21659829672144754	5.551115123125783e-17	0.39927213933373	0.39927213933373007	5.551115123125783e-17	0.21659829672144748	0.21659829672144754	5.551115123125783e-17
v1_original_random_joint	chr4	swapped	cross	0.4039238438002206	0.4039238438002207	1.1102230246251565e-16	0.3980921756658861	0.3980921756658862	1.1102230246251565e-16	0.49845340903982993	0.49845340903983004	1.1102230246251565e-16	0.4294231832439209	0.42942318324392104	1.1102230246251565e-16	0.448272792352858	0.4482727923528581	1.1102230246251565e-16	0.41667351352207077	0.4166735135220709	1.1102230246251565e-16	0.031599278830787225	0.031599278830787225	0.0	0.49845340903982993	0.49845340903983004	1.1102230246251565e-16	0.3980921756658861	0.3980921756658862	1.1102230246251565e-16	0.069030225795909	0.069030225795909	0.0	-0.0058316681343345	-0.0058316681343345	0.0	-0.0058316681343345	-0.0058316681343345	0.0
v1_original_random_joint	chr5	direct	direct	0.6751552615595967	0.6751552615595967	0.0	0.5054327545099929	0.505432754509993	1.1102230246251565e-16	0.4755032621014372	0.4755032621014372	0.0	0.6006622070563138	0.6006622070563138	0.0	0.6379087343079552	0.6379087343079552	0.0	0.490468008305715	0.49046800830571513	1.1102230246251565e-16	0.14744072600224023	0.14744072600224012	1.1102230246251565e-16	0.6751552615595967	0.6751552615595967	0.0	0.6006622070563138	0.6006622070563138	0.0	0.1697225070496038	0.16972250704960368	1.1102230246251565e-16	0.12515894495487662	0.12515894495487662	0.0	0.12515894495487662	0.12515894495487662	0.0
v1_original_random_joint	chr6	swapped	cross	0.2403320704049766	0.2403320704049766	0.0	0.5035494644026995	0.5035494644026995	0.0	0.48215475731099133	0.4821547573109914	5.551115123125783e-17	0.22961818039312049	0.22961818039312046	2.7755575615628914e-17	0.49285211085684544	0.49285211085684544	0.0	0.23497512539904852	0.23497512539904852	0.0	0.2578769854577969	0.2578769854577969	0.0	0.48215475731099133	0.4821547573109914	5.551115123125783e-17	0.5035494644026995	0.5035494644026995	0.0	0.25253657691787085	0.2525365769178709	5.551115123125783e-17	0.2632173939977229	0.2632173939977229	0.0	0.25253657691787085	0.2525365769178709	5.551115123125783e-17
v1_original_random_joint	chr7	direct	direct	0.42939530966872524	0.42939530966872524	0.0	0.39963749086817346	0.39963749086817346	0.0	0.3794758272136955	0.3794758272136955	0.0	0.42483885524162945	0.42483885524162945	0.0	0.4271170824551773	0.4271170824551773	0.0	0.3895566590409345	0.3895566590409345	0.0	0.037560423414242816	0.037560423414242816	0.0	0.42939530966872524	0.42939530966872524	0.0	0.42483885524162945	0.42483885524162945	0.0	0.029757818800551783	0.029757818800551783	0.0	0.04536302802793396	0.04536302802793396	0.0	0.029757818800551783	0.029757818800551783	0.0
v1_original_random_joint	chr8	direct	direct	0.48095825675405085	0.4809582567540508	5.551115123125783e-17	0.6981174384855973	0.6981174384855973	0.0	0.12193545893350867	0.12193545893350866	1.3877787807814457e-17	0.3857429016815409	0.38574290168154085	5.551115123125783e-17	0.43335057921779585	0.43335057921779585	0.0	0.41002644870955296	0.41002644870955296	0.0	0.02332413050824289	0.02332413050824289	0.0	0.48095825675405085	0.4809582567540508	5.551115123125783e-17	0.3857429016815409	0.38574290168154085	5.551115123125783e-17	-0.2171591817315464	-0.21715918173154647	5.551115123125783e-17	0.26380744274803225	0.2638074427480322	5.551115123125783e-17	-0.2171591817315464	-0.21715918173154647	5.551115123125783e-17
v1_original_random_joint	chr9	swapped	cross	0.1862788577272014	0.18627885772720137	2.7755575615628914e-17	0.39273414435493	0.3927341443549299	5.551115123125783e-17	0.49807879291797236	0.49807879291797225	1.1102230246251565e-16	0.4450512411374627	0.4450512411374626	1.1102230246251565e-16	0.44540646863645117	0.44540646863645106	1.1102230246251565e-16	0.31566504943233203	0.315665049432332	5.551115123125783e-17	0.12974141920411913	0.12974141920411908	5.551115123125783e-17	0.49807879291797236	0.49807879291797225	1.1102230246251565e-16	0.39273414435493	0.3927341443549299	5.551115123125783e-17	0.05302755178050966	0.05302755178050966	0.0	0.20645528662772858	0.20645528662772855	2.7755575615628914e-17	0.05302755178050966	0.05302755178050966	0.0
v1_original_random_joint	chr10	swapped	cross	0.10271108005206651	0.10271108005206651	0.0	0.30064525163929046	0.30064525163929046	0.0	0.5829512533594222	0.5829512533594223	1.1102230246251565e-16	0.6005915626558574	0.6005915626558574	0.0	0.44179825249935634	0.4417982524993564	5.551115123125783e-17	0.351651321353962	0.351651321353962	0.0	0.09014693114539435	0.0901469311453944	5.551115123125783e-17	0.5829512533594222	0.5829512533594223	1.1102230246251565e-16	0.30064525163929046	0.30064525163929046	0.0	-0.01764030929643523	-0.01764030929643512	1.1102230246251565e-16	0.19793417158722393	0.19793417158722393	0.0	-0.01764030929643523	-0.01764030929643512	1.1102230246251565e-16
v1_original_random_joint	chr11	swapped	cross	0.6150911010916582	0.6150911010916581	1.1102230246251565e-16	0.7388270690304493	0.7388270690304491	1.1102230246251565e-16	0.4433237794931126	0.4433237794931125	5.551115123125783e-17	0.3163633165841863	0.31636331658418626	5.551115123125783e-17	0.591075424261781	0.5910754242617808	1.1102230246251565e-16	0.4657272088379223	0.4657272088379222	1.1102230246251565e-16	0.12534821542385866	0.12534821542385866	0.0	0.4433237794931126	0.4433237794931125	5.551115123125783e-17	0.7388270690304493	0.7388270690304491	1.1102230246251565e-16	0.12696046290892626	0.12696046290892626	0.0	0.12373596793879105	0.12373596793879105	0.0	0.12373596793879105	0.12373596793879105	0.0
v1_original_random_joint	chr12	direct	direct	0.4349072039979128	0.43490720399791283	5.551115123125783e-17	0.2414628075906849	0.24146280759068495	5.551115123125783e-17	0.2339402868030516	0.23394028680305162	2.7755575615628914e-17	0.5090513267163144	0.5090513267163145	1.1102230246251565e-16	0.47197926535711354	0.47197926535711365	1.1102230246251565e-16	0.23770154719686826	0.23770154719686828	2.7755575615628914e-17	0.23427771816024529	0.23427771816024537	8.326672684688674e-17	0.4349072039979128	0.43490720399791283	5.551115123125783e-17	0.5090513267163144	0.5090513267163145	1.1102230246251565e-16	0.19344439640722788	0.19344439640722788	0.0	0.2751110399132628	0.27511103991326286	5.551115123125783e-17	0.19344439640722788	0.19344439640722788	0.0
v1_original_random_joint	chr13	swapped	cross	0.39706693892529227	0.3970669389252923	5.551115123125783e-17	0.5345360764859419	0.5345360764859419	0.0	0.629343011764316	0.629343011764316	0.0	0.418840186814703	0.4188401868147029	5.551115123125783e-17	0.5819395441251289	0.5819395441251289	0.0	0.4079535628699976	0.4079535628699976	0.0	0.17398598125513132	0.17398598125513132	0.0	0.629343011764316	0.629343011764316	0.0	0.5345360764859419	0.5345360764859419	0.0	0.21050282494961298	0.21050282494961303	5.551115123125783e-17	0.13746913756064966	0.1374691375606496	5.551115123125783e-17	0.13746913756064966	0.1374691375606496	5.551115123125783e-17
v1_original_random_joint	chr14	direct	direct	0.41189125878835264	0.41189125878835264	0.0	0.3622436105379672	0.3622436105379672	0.0	0.2643132484827553	0.2643132484827553	0.0	0.4284858782336628	0.42848587823366274	5.551115123125783e-17	0.4201885685110077	0.4201885685110077	0.0	0.3132784295103612	0.3132784295103612	0.0	0.1069101390006465	0.1069101390006465	0.0	0.41189125878835264	0.41189125878835264	0.0	0.4284858782336628	0.42848587823366274	5.551115123125783e-17	0.04964764825038542	0.04964764825038542	0.0	0.16417262975090752	0.16417262975090746	5.551115123125783e-17	0.04964764825038542	0.04964764825038542	0.0
v1_original_random_joint	chr15	direct	direct	0.5168997177435308	0.5168997177435308	0.0	0.47532641968503436	0.47532641968503436	0.0	0.33495297847571076	0.33495297847571076	0.0	0.4166356853944022	0.41663568539440216	5.551115123125783e-17	0.4667677015689665	0.4667677015689665	0.0	0.40513969908037256	0.40513969908037256	0.0	0.06162800248859396	0.06162800248859396	0.0	0.5168997177435308	0.5168997177435308	0.0	0.4166356853944022	0.41663568539440216	5.551115123125783e-17	0.041573298058496466	0.041573298058496466	0.0	0.08168270691869145	0.0816827069186914	5.551115123125783e-17	0.041573298058496466	0.041573298058496466	0.0
v1_original_random_joint	chr16	swapped	cross	0.15345170859674442	0.1534517085967444	2.7755575615628914e-17	0.5178601895610523	0.5178601895610522	1.1102230246251565e-16	0.27803439442168515	0.2780343944216851	5.551115123125783e-17	0.2540048960104869	0.25400489601048687	5.551115123125783e-17	0.3979472919913687	0.39794729199136863	5.551115123125783e-17	0.20372830230361566	0.20372830230361563	2.7755575615628914e-17	0.19421898968775303	0.194218989687753	2.7755575615628914e-17	0.27803439442168515	0.2780343944216851	5.551115123125783e-17	0.5178601895610523	0.5178601895610522	1.1102230246251565e-16	0.024029498411198225	0.024029498411198225	0.0	0.3644084809643079	0.3644084809643078	1.1102230246251565e-16	0.024029498411198225	0.024029498411198225	0.0
v1_original_random_joint	chr17	direct	direct	0.3698851819432323	0.36988518194323233	5.551115123125783e-17	0.4492567751119745	0.44925677511197454	5.551115123125783e-17	0.12638162787838692	0.12638162787838694	2.7755575615628914e-17	0.37780431834261113	0.3778043183426112	5.551115123125783e-17	0.37384475014292173	0.37384475014292173	0.0	0.2878192014951807	0.28781920149518075	5.551115123125783e-17	0.08602554864774103	0.08602554864774098	5.551115123125783e-17	0.3698851819432323	0.36988518194323233	5.551115123125783e-17	0.37780431834261113	0.3778043183426112	5.551115123125783e-17	-0.0793715931687422	-0.0793715931687422	0.0	0.2514226904642242	0.2514226904642243	5.551115123125783e-17	-0.0793715931687422	-0.0793715931687422	0.0
v1_original_random_joint	chr18	swapped	cross	0.19375403296444063	0.19375403296444058	5.551115123125783e-17	0.2814090977404526	0.2814090977404525	1.1102230246251565e-16	0.3689731322442359	0.3689731322442358	1.1102230246251565e-16	0.44106961094740915	0.44106961094740904	1.1102230246251565e-16	0.3251911149923442	0.3251911149923441	1.1102230246251565e-16	0.3174118219559249	0.3174118219559248	5.551115123125783e-17	0.0077792930364193325	0.007779293036419277	5.551115123125783e-17	0.3689731322442359	0.3689731322442358	1.1102230246251565e-16	0.2814090977404526	0.2814090977404525	1.1102230246251565e-16	-0.07209647870317326	-0.07209647870317326	0.0	0.08765506477601195	0.0876550647760119	5.551115123125783e-17	-0.07209647870317326	-0.07209647870317326	0.0
v1_original_random_joint	chr19	direct	direct	0.25898867311289125	0.25898867311289125	0.0	0.3984852440054856	0.3984852440054856	0.0	0.13923416432121768	0.1392341643212177	2.7755575615628914e-17	0.39576432375974485	0.3957643237597449	5.551115123125783e-17	0.32737649843631805	0.3273764984363181	5.551115123125783e-17	0.26885970416335164	0.26885970416335164	0.0	0.05851679427296641	0.058516794272966466	5.551115123125783e-17	0.25898867311289125	0.25898867311289125	0.0	0.39576432375974485	0.3957643237597449	5.551115123125783e-17	-0.13949657089259432	-0.13949657089259432	0.0	0.2565301594385272	0.2565301594385272	0.0	-0.13949657089259432	-0.13949657089259432	0.0
v1_original_random_joint	chrX	direct	direct	0.8456996215614765	0.8456996215614763	2.220446049250313e-16	0.3321210076819766	0.33212100768197655	5.551115123125783e-17	0.37699073817954704	0.376990738179547	5.551115123125783e-17	0.6293160762135754	0.6293160762135753	1.1102230246251565e-16	0.737507848887526	0.7375078488875257	2.220446049250313e-16	0.35455587293076185	0.35455587293076174	1.1102230246251565e-16	0.3829519759567641	0.382951975956764	1.1102230246251565e-16	0.8456996215614765	0.8456996215614763	2.220446049250313e-16	0.6293160762135754	0.6293160762135753	1.1102230246251565e-16	0.5135786138794999	0.5135786138794998	1.1102230246251565e-16	0.2523253380340284	0.25232533803402835	5.551115123125783e-17	0.2523253380340284	0.25232533803402835	5.551115123125783e-17
v1_continuation	chr1	swapped	cross	0.4872035869428121	0.487203586942812	5.551115123125783e-17	0.7936060485917633	0.7936060485917632	1.1102230246251565e-16	0.5622183795288125	0.5622183795288124	1.1102230246251565e-16	0.5728400377512655	0.5728400377512654	1.1102230246251565e-16	0.6779122140602879	0.6779122140602878	1.1102230246251565e-16	0.5300218123470388	0.5300218123470387	1.1102230246251565e-16	0.14789040171324908	0.14789040171324908	0.0	0.5622183795288125	0.5622183795288124	1.1102230246251565e-16	0.7936060485917633	0.7936060485917632	1.1102230246251565e-16	-0.010621658222452979	-0.010621658222452979	0.0	0.30640246164895124	0.3064024616489512	5.551115123125783e-17	-0.010621658222452979	-0.010621658222452979	0.0
v1_continuation	chr2	direct	direct	0.5200137634179931	0.5200137634179932	1.1102230246251565e-16	0.47729653461625754	0.47729653461625765	1.1102230246251565e-16	0.45671114964334747	0.4567111496433476	1.1102230246251565e-16	0.5284869197077317	0.5284869197077318	1.1102230246251565e-16	0.5242503415628623	0.5242503415628625	2.220446049250313e-16	0.4670038421298025	0.4670038421298026	1.1102230246251565e-16	0.057246499433059816	0.05724649943305993	1.1102230246251565e-16	0.5200137634179931	0.5200137634179932	1.1102230246251565e-16	0.5284869197077317	0.5284869197077318	1.1102230246251565e-16	0.04271722880173556	0.04271722880173556	0.0	0.07177577006438418	0.07177577006438418	0.0	0.04271722880173556	0.04271722880173556	0.0
v1_continuation	chr3	direct	direct	0.4272865453700154	0.42728654537001554	1.1102230246251565e-16	0.22330447912177057	0.2233044791217706	2.7755575615628914e-17	0.30902974996173654	0.30902974996173666	1.1102230246251565e-16	0.7176443918697873	0.7176443918697875	1.1102230246251565e-16	0.5724654686199013	0.5724654686199016	2.220446049250313e-16	0.26616711454175357	0.2661671145417536	5.551115123125783e-17	0.30629835407814776	0.3062983540781479	1.6653345369377348e-16	0.4272865453700154	0.42728654537001554	1.1102230246251565e-16	0.7176443918697873	0.7176443918697875	1.1102230246251565e-16	0.20398206624824486	0.20398206624824494	8.326672684688674e-17	0.4086146419080508	0.4086146419080508	0.0	0.20398206624824486	0.20398206624824494	8.326672684688674e-17
v1_continuation	chr4	swapped	cross	0.3939430594639503	0.39394305946395036	5.551115123125783e-17	0.4098382974855084	0.4098382974855085	1.1102230246251565e-16	0.4882544532128881	0.4882544532128882	1.1102230246251565e-16	0.4236459037848808	0.42364590378488093	1.1102230246251565e-16	0.4490463753491982	0.44904637534919833	1.1102230246251565e-16	0.40879448162441556	0.4087944816244157	1.1102230246251565e-16	0.04025189372478266	0.04025189372478266	0.0	0.4882544532128881	0.4882544532128882	1.1102230246251565e-16	0.4098382974855084	0.4098382974855085	1.1102230246251565e-16	0.06460854942800726	0.06460854942800726	0.0	0.015895238021558067	0.015895238021558122	5.551115123125783e-17	0.015895238021558067	0.015895238021558122	5.551115123125783e-17
v1_continuation	chr5	direct	direct	0.6795957395512201	0.6795957395512202	1.1102230246251565e-16	0.5102511383146977	0.5102511383146977	0.0	0.4771858852299913	0.4771858852299914	1.1102230246251565e-16	0.6020164935886038	0.6020164935886038	0.0	0.6408061165699119	0.6408061165699119	0.0	0.4937185117723445	0.49371851177234455	5.551115123125783e-17	0.14708760479756744	0.14708760479756738	5.551115123125783e-17	0.6795957395512201	0.6795957395512202	1.1102230246251565e-16	0.6020164935886038	0.6020164935886038	0.0	0.1693446012365224	0.1693446012365225	1.1102230246251565e-16	0.12483060835861248	0.12483060835861237	1.1102230246251565e-16	0.12483060835861248	0.12483060835861237	1.1102230246251565e-16
v1_continuation	chr6	swapped	cross	0.23715020111889779	0.23715020111889779	0.0	0.501834434239872	0.5018344342398721	1.1102230246251565e-16	0.49460154608493084	0.49460154608493084	0.0	0.22276911968922178	0.22276911968922178	0.0	0.4982179901624014	0.4982179901624014	0.0	0.2299596604040598	0.2299596604040598	0.0	0.26825832975834163	0.26825832975834163	0.0	0.49460154608493084	0.49460154608493084	0.0	0.501834434239872	0.5018344342398721	1.1102230246251565e-16	0.27183242639570904	0.27183242639570904	0.0	0.26468423312097417	0.2646842331209743	1.1102230246251565e-16	0.26468423312097417	0.2646842331209743	1.1102230246251565e-16
v1_continuation	chr7	direct	direct	0.44045074889323776	0.4404507488932377	5.551115123125783e-17	0.4112469098849334	0.4112469098849334	0.0	0.36497156166518185	0.36497156166518185	0.0	0.4022499516735741	0.402249951673574	5.551115123125783e-17	0.42135035028340595	0.42135035028340584	1.1102230246251565e-16	0.3881092357750576	0.3881092357750576	0.0	0.033241114508348324	0.03324111450834821	1.1102230246251565e-16	0.44045074889323776	0.4404507488932377	5.551115123125783e-17	0.4022499516735741	0.402249951673574	5.551115123125783e-17	0.029203839008304366	0.02920383900830431	5.551115123125783e-17	0.037278390008392226	0.03727839000839217	5.551115123125783e-17	0.029203839008304366	0.02920383900830431	5.551115123125783e-17
v1_continuation	chr8	direct	direct	0.47899999752239114	0.4789999975223912	5.551115123125783e-17	0.6905397301328591	0.6905397301328591	0.0	0.12657631705616748	0.12657631705616745	2.7755575615628914e-17	0.39253845743763455	0.3925384574376345	5.551115123125783e-17	0.43576922748001284	0.43576922748001284	0.0	0.40855802359451326	0.40855802359451326	0.0	0.02721120388549958	0.02721120388549958	0.0	0.47899999752239114	0.4789999975223912	5.551115123125783e-17	0.39253845743763455	0.3925384574376345	5.551115123125783e-17	-0.21153973261046793	-0.21153973261046788	5.551115123125783e-17	0.26596214038146704	0.26596214038146704	0.0	-0.21153973261046793	-0.21153973261046788	5.551115123125783e-17
v1_continuation	chr9	swapped	cross	0.1859875043590488	0.18598750435904876	2.7755575615628914e-17	0.37288240980084847	0.37288240980084836	1.1102230246251565e-16	0.4944781978340091	0.49447819783400904	5.551115123125783e-17	0.46703640213506514	0.4670364021350651	5.551115123125783e-17	0.4336803038174288	0.4336803038174287	5.551115123125783e-17	0.32651195324705695	0.32651195324705695	0.0	0.10716835057037183	0.10716835057037177	5.551115123125783e-17	0.4944781978340091	0.49447819783400904	5.551115123125783e-17	0.37288240980084847	0.37288240980084836	1.1102230246251565e-16	0.02744179569894395	0.02744179569894395	0.0	0.18689490544179968	0.1868949054417996	8.326672684688674e-17	0.02744179569894395	0.02744179569894395	0.0
v1_continuation	chr10	swapped	cross	0.10074750848807607	0.10074750848807607	0.0	0.2901281593966124	0.29012815939661246	5.551115123125783e-17	0.5665286717271057	0.5665286717271057	0.0	0.6169481514314307	0.6169481514314308	1.1102230246251565e-16	0.4283284155618591	0.4283284155618591	0.0	0.3588478299597534	0.3588478299597534	0.0	0.06948058560210568	0.06948058560210568	0.0	0.5665286717271057	0.5665286717271057	0.0	0.2901281593966124	0.29012815939661246	5.551115123125783e-17	-0.05041947970432492	-0.05041947970432503	1.1102230246251565e-16	0.18938065090853634	0.1893806509085364	5.551115123125783e-17	-0.05041947970432492	-0.05041947970432503	1.1102230246251565e-16
v1_continuation	chr11	swapped	cross	0.6105471213177147	0.6105471213177146	1.1102230246251565e-16	0.733154677443145	0.7331546774431449	1.1102230246251565e-16	0.4398952460530472	0.43989524605304714	5.551115123125783e-17	0.3183948583564603	0.31839485835646025	5.551115123125783e-17	0.5865249617480961	0.586524961748096	1.1102230246251565e-16	0.4644709898370875	0.46447098983708746	5.551115123125783e-17	0.12205397191100859	0.12205397191100853	5.551115123125783e-17	0.4398952460530472	0.43989524605304714	5.551115123125783e-17	0.733154677443145	0.7331546774431449	1.1102230246251565e-16	0.12150038769658689	0.12150038769658689	0.0	0.12260755612543028	0.12260755612543028	0.0	0.12150038769658689	0.12150038769658689	0.0
v1_continuation	chr12	direct	direct	0.4210690424759743	0.4210690424759743	0.0	0.23327708995157018	0.23327708995157023	5.551115123125783e-17	0.23593498372402963	0.23593498372402968	5.551115123125783e-17	0.5087559471521869	0.508755947152187	1.1102230246251565e-16	0.4649124948140806	0.46491249481408065	5.551115123125783e-17	0.2346060368377999	0.23460603683779996	5.551115123125783e-17	0.2303064579762807	0.2303064579762807	0.0	0.4210690424759743	0.4210690424759743	0.0	0.5087559471521869	0.508755947152187	1.1102230246251565e-16	0.18779195252440414	0.1877919525244041	5.551115123125783e-17	0.2728209634281572	0.2728209634281573	1.1102230246251565e-16	0.18779195252440414	0.1877919525244041	5.551115123125783e-17
v1_continuation	chr13	swapped	cross	0.4046867688815582	0.4046867688815582	0.0	0.5545809529670205	0.5545809529670205	0.0	0.6306295841412765	0.6306295841412765	0.0	0.4170519806324502	0.41705198063245014	5.551115123125783e-17	0.5926052685541485	0.5926052685541485	0.0	0.4108693747570042	0.41086937475700414	5.551115123125783e-17	0.18173589379714433	0.1817358937971444	5.551115123125783e-17	0.6306295841412765	0.6306295841412765	0.0	0.5545809529670205	0.5545809529670205	0.0	0.21357760350882626	0.21357760350882632	5.551115123125783e-17	0.1498941840854623	0.1498941840854623	0.0	0.1498941840854623	0.1498941840854623	0.0
v1_continuation	chr14	direct	direct	0.40073553583674754	0.4007355358367476	5.551115123125783e-17	0.34409841910776423	0.3440984191077643	5.551115123125783e-17	0.26020040404177536	0.26020040404177536	0.0	0.43207224530274213	0.43207224530274213	0.0	0.4164038905697448	0.41640389056974486	5.551115123125783e-17	0.3021494115747698	0.3021494115747698	0.0	0.11425447899497498	0.11425447899497504	5.551115123125783e-17	0.40073553583674754	0.4007355358367476	5.551115123125783e-17	0.43207224530274213	0.43207224530274213	0.0	0.056637116728983306	0.056637116728983306	0.0	0.17187184126096677	0.17187184126096677	0.0	0.056637116728983306	0.056637116728983306	0.0
v1_continuation	chr15	direct	direct	0.5130760241587772	0.5130760241587772	0.0	0.4885706548588066	0.48857065485880663	5.551115123125783e-17	0.33878198480249744	0.33878198480249744	0.0	0.41262017017244923	0.41262017017244923	0.0	0.4628480971656132	0.4628480971656132	0.0	0.413676319830652	0.413676319830652	0.0	0.0491717773349612	0.0491717773349612	0.0	0.5130760241587772	0.5130760241587772	0.0	0.41262017017244923	0.41262017017244923	0.0	0.024505369299970603	0.024505369299970547	5.551115123125783e-17	0.07383818536995179	0.07383818536995179	0.0	0.024505369299970603	0.024505369299970547	5.551115123125783e-17
v1_continuation	chr16	swapped	cross	0.15576079218098618	0.15576079218098612	5.551115123125783e-17	0.5621486097576556	0.5621486097576555	1.1102230246251565e-16	0.25935618937947374	0.25935618937947374	0.0	0.2644533401266083	0.26445334012660826	5.551115123125783e-17	0.4107523995685647	0.4107523995685646	1.1102230246251565e-16	0.21010706615379726	0.2101070661537972	5.551115123125783e-17	0.20064533341476742	0.20064533341476737	5.551115123125783e-17	0.25935618937947374	0.25935618937947374	0.0	0.5621486097576556	0.5621486097576555	1.1102230246251565e-16	-0.005097150747134571	-0.005097150747134516	5.551115123125783e-17	0.4063878175766694	0.4063878175766693	1.1102230246251565e-16	-0.005097150747134571	-0.005097150747134516	5.551115123125783e-17
v1_continuation	chr17	direct	direct	0.3717169367211302	0.37171693672113026	5.551115123125783e-17	0.44004710879319486	0.440047108793195	1.1102230246251565e-16	0.11520188023849776	0.11520188023849778	2.7755575615628914e-17	0.3910526701933278	0.39105267019332784	5.551115123125783e-17	0.381384803457229	0.381384803457229	0.0	0.2776244945158463	0.27762449451584637	5.551115123125783e-17	0.10376030894138272	0.10376030894138266	5.551115123125783e-17	0.3717169367211302	0.37171693672113026	5.551115123125783e-17	0.3910526701933278	0.39105267019332784	5.551115123125783e-17	-0.06833017207206465	-0.06833017207206471	5.551115123125783e-17	0.27585078995483003	0.27585078995483003	0.0	-0.06833017207206465	-0.06833017207206471	5.551115123125783e-17
v1_continuation	chr18	swapped	cross	0.19096897081386735	0.1909689708138673	5.551115123125783e-17	0.27670528453029336	0.27670528453029325	1.1102230246251565e-16	0.37214726502384377	0.3721472650238437	5.551115123125783e-17	0.4312433610676227	0.4312433610676225	1.6653345369377348e-16	0.32442627477706854	0.3244262747770685	5.551115123125783e-17	0.311106165940745	0.3111061659407449	1.1102230246251565e-16	0.013320108836323508	0.013320108836323563	5.551115123125783e-17	0.37214726502384377	0.3721472650238437	5.551115123125783e-17	0.27670528453029336	0.27670528453029325	1.1102230246251565e-16	-0.05909609604377891	-0.0590960960437788	1.1102230246251565e-16	0.08573631371642601	0.08573631371642595	5.551115123125783e-17	-0.05909609604377891	-0.0590960960437788	1.1102230246251565e-16
v1_continuation	chr19	direct	direct	0.2763385863550889	0.27633858635508896	5.551115123125783e-17	0.40995050384043696	0.40995050384043696	0.0	0.13653806412863034	0.13653806412863034	0.0	0.3854121032940791	0.3854121032940791	0.0	0.33087534482458403	0.33087534482458403	0.0	0.27324428398453365	0.27324428398453365	0.0	0.057631060840050374	0.057631060840050374	0.0	0.2763385863550889	0.27633858635508896	5.551115123125783e-17	0.3854121032940791	0.3854121032940791	0.0	-0.13361191748534806	-0.133611917485348	5.551115123125783e-17	0.24887403916544876	0.24887403916544876	0.0	-0.13361191748534806	-0.133611917485348	5.551115123125783e-17
v1_continuation	chrX	direct	direct	0.8394620362870702	0.8394620362870701	1.1102230246251565e-16	0.3279303606288627	0.32793036062886266	5.551115123125783e-17	0.3889861470567244	0.3889861470567243	1.1102230246251565e-16	0.6328138895124908	0.6328138895124907	1.1102230246251565e-16	0.7361379628997805	0.7361379628997804	1.1102230246251565e-16	0.35845825384279356	0.3584582538427935	5.551115123125783e-17	0.37767970905698695	0.3776797090569869	5.551115123125783e-17	0.8394620362870702	0.8394620362870701	1.1102230246251565e-16	0.6328138895124908	0.6328138895124907	1.1102230246251565e-16	0.5115316756582075	0.5115316756582073	1.1102230246251565e-16	0.24382774245576644	0.24382774245576644	0.0	0.24382774245576644	0.24382774245576644	0.0
C0-bundle1	chr1	direct	direct	0.5256013318373248	0.5256013318373247	1.1102230246251565e-16	0.595587362211124	0.5955873622111238	1.1102230246251565e-16	0.44429224636095493	0.4442922463609549	5.551115123125783e-17	0.618356913605401	0.6183569136054009	1.1102230246251565e-16	0.5719791227213629	0.5719791227213629	0.0	0.5199398042860395	0.5199398042860394	1.1102230246251565e-16	0.05203931843532339	0.0520393184353235	1.1102230246251565e-16	0.5256013318373248	0.5256013318373247	1.1102230246251565e-16	0.618356913605401	0.6183569136054009	1.1102230246251565e-16	-0.06998603037379914	-0.06998603037379914	0.0	0.17406466724444608	0.17406466724444603	5.551115123125783e-17	-0.06998603037379914	-0.06998603037379914	0.0
C0-bundle1	chr2	direct	direct	0.4653724734885863	0.46537247348858635	5.551115123125783e-17	0.49377089232956617	0.4937708923295663	1.1102230246251565e-16	0.46715063750499747	0.4671506375049975	5.551115123125783e-17	0.618684539568117	0.6186845395681172	2.220446049250313e-16	0.5420285065283517	0.5420285065283518	1.1102230246251565e-16	0.48046076491728185	0.4804607649172819	5.551115123125783e-17	0.061567741611069815	0.06156774161106987	5.551115123125783e-17	0.4653724734885863	0.46537247348858635	5.551115123125783e-17	0.618684539568117	0.6186845395681172	2.220446049250313e-16	-0.028398418840979878	-0.028398418840979933	5.551115123125783e-17	0.1515339020631195	0.15153390206311967	1.6653345369377348e-16	-0.028398418840979878	-0.028398418840979933	5.551115123125783e-17
C0-bundle1	chr3	direct	direct	0.4835608527821458	0.4835608527821459	1.1102230246251565e-16	0.3297976411293465	0.32979764112934656	5.551115123125783e-17	0.2891620107197642	0.2891620107197643	5.551115123125783e-17	0.52799583847347	0.5279958384734701	1.1102230246251565e-16	0.5057783456278079	0.505778345627808	1.1102230246251565e-16	0.30947982592455536	0.3094798259245554	5.551115123125783e-17	0.19629851970325252	0.19629851970325257	5.551115123125783e-17	0.4835608527821458	0.4835608527821459	1.1102230246251565e-16	0.52799583847347	0.5279958384734701	1.1102230246251565e-16	0.15376321165279927	0.15376321165279933	5.551115123125783e-17	0.23883382775370576	0.23883382775370582	5.551115123125783e-17	0.15376321165279927	0.15376321165279933	5.551115123125783e-17
C0-bundle1	chr4	swapped	cross	0.629461381600428	0.6294613816004282	2.220446049250313e-16	0.6285192210770371	0.6285192210770373	2.220446049250313e-16	0.5374011237922838	0.5374011237922839	1.1102230246251565e-16	0.4021223307366322	0.40212233073663234	1.1102230246251565e-16	0.5829601724346605	0.5829601724346606	1.1102230246251565e-16	0.5157918561685301	0.5157918561685303	2.220446049250313e-16	0.0671683162661304	0.06716831626613029	1.1102230246251565e-16	0.5374011237922838	0.5374011237922839	1.1102230246251565e-16	0.6285192210770371	0.6285192210770373	2.220446049250313e-16	0.13527879305565155	0.13527879305565155	0.0	-0.0009421605233909114	-0.0009421605233909114	0.0	-0.0009421605233909114	-0.0009421605233909114	0.0
C0-bundle1	chr5	swapped	cross	0.36984386191290336	0.36984386191290336	0.0	0.44406417362922423	0.44406417362922423	0.0	0.6037681493178063	0.6037681493178064	1.1102230246251565e-16	0.4821268615273414	0.48212686152734135	5.551115123125783e-17	0.5239161614735153	0.5239161614735153	0.0	0.42598536172012236	0.42598536172012236	0.0	0.09793079975339292	0.09793079975339292	0.0	0.6037681493178063	0.6037681493178064	1.1102230246251565e-16	0.44406417362922423	0.44406417362922423	0.0	0.1216412877904649	0.12164128779046507	1.6653345369377348e-16	0.07422031171632087	0.07422031171632087	0.0	0.07422031171632087	0.07422031171632087	0.0
C0-bundle1	chr6	swapped	cross	0.2715940123504136	0.27159401235041364	5.551115123125783e-17	0.49262097263155935	0.4926209726315594	5.551115123125783e-17	0.4630872749373513	0.46308727493735136	5.551115123125783e-17	0.16004013286032936	0.16004013286032936	0.0	0.47785412378445535	0.47785412378445535	0.0	0.21581707260537147	0.2158170726053715	2.7755575615628914e-17	0.2620370511790839	0.2620370511790838	5.551115123125783e-17	0.4630872749373513	0.46308727493735136	5.551115123125783e-17	0.49262097263155935	0.4926209726315594	5.551115123125783e-17	0.30304714207702194	0.303047142077022	5.551115123125783e-17	0.22102696028114577	0.22102696028114577	0.0	0.22102696028114577	0.22102696028114577	0.0
C0-bundle1	chr7	direct	direct	0.3525606482222333	0.35256064822223326	5.551115123125783e-17	0.3955508468418192	0.3955508468418192	0.0	0.2809185052695841	0.2809185052695841	0.0	0.35440422637759816	0.35440422637759816	0.0	0.35348243729991574	0.3534824372999157	5.551115123125783e-17	0.3382346760557017	0.3382346760557017	0.0	0.015247761244214064	0.015247761244214009	5.551115123125783e-17	0.3525606482222333	0.35256064822223326	5.551115123125783e-17	0.35440422637759816	0.35440422637759816	0.0	-0.04299019861958586	-0.04299019861958592	5.551115123125783e-17	0.07348572110801405	0.07348572110801405	0.0	-0.04299019861958586	-0.04299019861958592	5.551115123125783e-17
C0-bundle1	chr8	swapped	cross	0.32616836886897804	0.32616836886897804	0.0	0.44472638779226337	0.44472638779226337	0.0	0.3711773820819514	0.37117738208195133	5.551115123125783e-17	0.28127610518792884	0.28127610518792884	0.0	0.4079518849371074	0.4079518849371073	5.551115123125783e-17	0.30372223702845347	0.30372223702845347	0.0	0.10422964790865391	0.10422964790865386	5.551115123125783e-17	0.3711773820819514	0.37117738208195133	5.551115123125783e-17	0.44472638779226337	0.44472638779226337	0.0	0.08990127689402255	0.0899012768940225	5.551115123125783e-17	0.11855801892328532	0.11855801892328532	0.0	0.08990127689402255	0.0899012768940225	5.551115123125783e-17
C0-bundle1	chr9	swapped	cross	0.37897540256609447	0.3789754025660944	5.551115123125783e-17	0.6258875121855534	0.6258875121855534	0.0	0.29373695683476114	0.2937369568347611	5.551115123125783e-17	0.25215067083080245	0.25215067083080245	0.0	0.4598122345101573	0.45981223451015724	5.551115123125783e-17	0.31556303669844843	0.31556303669844843	0.0	0.14424919781170886	0.1442491978117088	5.551115123125783e-17	0.29373695683476114	0.2937369568347611	5.551115123125783e-17	0.6258875121855534	0.6258875121855534	0.0	0.041586286003958695	0.04158628600395864	5.551115123125783e-17	0.24691210961945892	0.24691210961945897	5.551115123125783e-17	0.041586286003958695	0.04158628600395864	5.551115123125783e-17
C0-bundle1	chr10	direct	direct	0.45756941774175214	0.4575694177417522	5.551115123125783e-17	0.459505681631209	0.45950568163120903	5.551115123125783e-17	0.5026089902886716	0.5026089902886716	0.0	0.6566606721465638	0.6566606721465639	1.1102230246251565e-16	0.557115044944158	0.557115044944158	0.0	0.48105733595994027	0.48105733595994027	0.0	0.07605770898421771	0.07605770898421771	0.0	0.45756941774175214	0.4575694177417522	5.551115123125783e-17	0.6566606721465638	0.6566606721465639	1.1102230246251565e-16	-0.0019362638894568351	-0.0019362638894568351	0.0	0.1540516818578922	0.1540516818578923	1.1102230246251565e-16	-0.0019362638894568351	-0.0019362638894568351	0.0
C0-bundle1	chr11	direct	direct	0.47196928152537543	0.4719692815253754	5.551115123125783e-17	0.3240600453586105	0.32406004535861044	5.551115123125783e-17	0.44756266521313165	0.4475626652131316	5.551115123125783e-17	0.5676506014968554	0.5676506014968553	1.1102230246251565e-16	0.5198099415111155	0.5198099415111154	1.1102230246251565e-16	0.38581135528587107	0.385811355285871	5.551115123125783e-17	0.1339985862252444	0.13399858622524435	5.551115123125783e-17	0.47196928152537543	0.4719692815253754	5.551115123125783e-17	0.5676506014968554	0.5676506014968553	1.1102230246251565e-16	0.14790923616676493	0.14790923616676493	0.0	0.12008793628372377	0.12008793628372372	5.551115123125783e-17	0.12008793628372377	0.12008793628372372	5.551115123125783e-17
C0-bundle1	chr12	direct	direct	0.5373062797572103	0.5373062797572105	1.1102230246251565e-16	0.30165266604666574	0.30165266604666574	0.0	0.1802333951638381	0.1802333951638381	0.0	0.335398449491025	0.33539844949102504	5.551115123125783e-17	0.43635236462411764	0.43635236462411775	1.1102230246251565e-16	0.2409430306052519	0.2409430306052519	0.0	0.19540933401886573	0.19540933401886584	1.1102230246251565e-16	0.5373062797572103	0.5373062797572105	1.1102230246251565e-16	0.335398449491025	0.33539844949102504	5.551115123125783e-17	0.2356536137105446	0.23565361371054472	1.1102230246251565e-16	0.15516505432718689	0.15516505432718694	5.551115123125783e-17	0.15516505432718689	0.15516505432718694	5.551115123125783e-17
C0-bundle1	chr13	direct	direct	0.6295565862333765	0.6295565862333764	1.1102230246251565e-16	0.3717899299800887	0.37178992998008875	5.551115123125783e-17	0.5192664098242717	0.5192664098242717	0.0	0.4122481904964239	0.4122481904964239	0.0	0.5209023883649002	0.5209023883649002	0.0	0.44552816990218025	0.44552816990218025	0.0	0.07537421846271997	0.07537421846271997	0.0	0.6295565862333765	0.6295565862333764	1.1102230246251565e-16	0.4122481904964239	0.4122481904964239	0.0	0.2577666562532878	0.25776665625328765	1.6653345369377348e-16	-0.10701821932784783	-0.10701821932784783	0.0	-0.10701821932784783	-0.10701821932784783	0.0
C0-bundle1	chr14	swapped	cross	0.3891683327398124	0.38916833273981244	5.551115123125783e-17	0.5638380088057062	0.5638380088057062	0.0	0.40506214476031777	0.4050621447603178	5.551115123125783e-17	0.3700216108452589	0.370021610845259	5.551115123125783e-17	0.484450076783012	0.484450076783012	0.0	0.37959497179253565	0.3795949717925357	5.551115123125783e-17	0.10485510499047634	0.10485510499047629	5.551115123125783e-17	0.40506214476031777	0.4050621447603178	5.551115123125783e-17	0.5638380088057062	0.5638380088057062	0.0	0.03504053391505885	0.03504053391505885	0.0	0.17466967606589384	0.1746696760658938	5.551115123125783e-17	0.03504053391505885	0.03504053391505885	0.0
C0-bundle1	chr15	swapped	cross	0.24927313970995038	0.24927313970995038	0.0	0.5433753628783409	0.543375362878341	1.1102230246251565e-16	0.3405097197367624	0.3405097197367624	0.0	0.460201389566197	0.460201389566197	0.0	0.4419425413075516	0.44194254130755173	1.1102230246251565e-16	0.3547372646380737	0.3547372646380737	0.0	0.08720527666947792	0.08720527666947803	1.1102230246251565e-16	0.3405097197367624	0.3405097197367624	0.0	0.5433753628783409	0.543375362878341	1.1102230246251565e-16	-0.11969166982943458	-0.11969166982943458	0.0	0.2941022231683905	0.29410222316839063	1.1102230246251565e-16	-0.11969166982943458	-0.11969166982943458	0.0
C0-bundle1	chr16	swapped	cross	0.30981252147942684	0.3098125214794268	5.551115123125783e-17	0.47149423431937887	0.47149423431937876	1.1102230246251565e-16	0.2702502295208646	0.2702502295208645	5.551115123125783e-17	0.27372753522015486	0.27372753522015486	0.0	0.37087223192012175	0.37087223192012164	1.1102230246251565e-16	0.2917700283497908	0.2917700283497908	0.0	0.07910220357033093	0.07910220357033082	1.1102230246251565e-16	0.2702502295208646	0.2702502295208645	5.551115123125783e-17	0.47149423431937887	0.47149423431937876	1.1102230246251565e-16	-0.0034773056992902784	-0.003477305699290334	5.551115123125783e-17	0.16168171283995203	0.16168171283995197	5.551115123125783e-17	-0.0034773056992902784	-0.003477305699290334	5.551115123125783e-17
C0-bundle1	chr17	swapped	cross	0.22377569232978606	0.22377569232978609	2.7755575615628914e-17	0.3319799683499298	0.3319799683499299	5.551115123125783e-17	0.28693515258156593	0.286935152581566	5.551115123125783e-17	0.3642823225937275	0.36428232259372756	5.551115123125783e-17	0.3094575604657479	0.3094575604657479	0.0	0.29402900746175675	0.2940290074617568	5.551115123125783e-17	0.015428553003991152	0.015428553003991097	5.551115123125783e-17	0.28693515258156593	0.286935152581566	5.551115123125783e-17	0.3319799683499298	0.3319799683499299	5.551115123125783e-17	-0.07734717001216157	-0.07734717001216157	0.0	0.10820427602014376	0.10820427602014379	2.7755575615628914e-17	-0.07734717001216157	-0.07734717001216157	0.0
C0-bundle1	chr18	swapped	cross	0.12189046048967893	0.1218904604896789	2.7755575615628914e-17	0.3284475220744262	0.32844752207442607	1.1102230246251565e-16	0.35641801501102166	0.3564180150110216	5.551115123125783e-17	0.28159527337524476	0.28159527337524465	1.1102230246251565e-16	0.3424327685427239	0.34243276854272386	5.551115123125783e-17	0.20174286693246185	0.20174286693246177	8.326672684688674e-17	0.14068990161026207	0.1406899016102621	2.7755575615628914e-17	0.35641801501102166	0.3564180150110216	5.551115123125783e-17	0.3284475220744262	0.32844752207442607	1.1102230246251565e-16	0.0748227416357769	0.07482274163577696	5.551115123125783e-17	0.20655706158474724	0.20655706158474718	5.551115123125783e-17	0.0748227416357769	0.07482274163577696	5.551115123125783e-17
C0-bundle1	chr19	swapped	cross	0.13876706006034678	0.13876706006034678	0.0	0.46983398583256913	0.4698339858325692	5.551115123125783e-17	0.35220719748490553	0.35220719748490553	0.0	0.47717567359969054	0.4771756735996906	5.551115123125783e-17	0.41102059165873733	0.4110205916587374	5.551115123125783e-17	0.3079713668300187	0.3079713668300187	0.0	0.10304922482871864	0.1030492248287187	5.551115123125783e-17	0.35220719748490553	0.35220719748490553	0.0	0.46983398583256913	0.4698339858325692	5.551115123125783e-17	-0.12496847611478501	-0.12496847611478507	5.551115123125783e-17	0.33106692577222235	0.3310669257722224	5.551115123125783e-17	-0.12496847611478501	-0.12496847611478507	5.551115123125783e-17
C0-bundle1	chrX	direct	direct	0.5692113980428684	0.5692113980428682	1.1102230246251565e-16	0.16322988131160604	0.163229881311606	2.7755575615628914e-17	0.36770238509135866	0.3677023850913586	5.551115123125783e-17	0.7108392700249433	0.7108392700249432	1.1102230246251565e-16	0.6400253340339058	0.6400253340339057	1.1102230246251565e-16	0.2654661332014824	0.2654661332014823	5.551115123125783e-17	0.37455920083242344	0.3745592008324234	5.551115123125783e-17	0.5692113980428684	0.5692113980428682	1.1102230246251565e-16	0.7108392700249433	0.7108392700249432	1.1102230246251565e-16	0.4059815167312623	0.40598151673126226	5.551115123125783e-17	0.34313688493358463	0.3431368849335846	5.551115123125783e-17	0.34313688493358463	0.3431368849335846	5.551115123125783e-17
C0-bundle2	chr1	swapped	cross	0.48270317994093986	0.4827031799409398	5.551115123125783e-17	0.6151270425940274	0.6151270425940273	1.1102230246251565e-16	0.39259394879810483	0.3925939487981048	5.551115123125783e-17	0.4302190347897956	0.43021903478979556	5.551115123125783e-17	0.5038604956960662	0.5038604956960661	1.1102230246251565e-16	0.4564611073653677	0.4564611073653677	0.0	0.047399388330698455	0.047399388330698344	1.1102230246251565e-16	0.39259394879810483	0.3925939487981048	5.551115123125783e-17	0.6151270425940274	0.6151270425940273	1.1102230246251565e-16	-0.03762508599169079	-0.03762508599169079	0.0	0.13242386265308753	0.13242386265308748	5.551115123125783e-17	-0.03762508599169079	-0.03762508599169079	0.0
C0-bundle2	chr2	swapped	cross	0.42226396723236626	0.42226396723236637	1.1102230246251565e-16	0.6942490599907079	0.694249059990708	1.1102230246251565e-16	0.4556156079605909	0.45561560796059103	1.1102230246251565e-16	0.3345534320780919	0.33455343207809196	5.551115123125783e-17	0.5749323339756494	0.5749323339756495	1.1102230246251565e-16	0.37840869965522905	0.37840869965522916	1.1102230246251565e-16	0.1965236343204203	0.1965236343204203	0.0	0.4556156079605909	0.45561560796059103	1.1102230246251565e-16	0.6942490599907079	0.694249059990708	1.1102230246251565e-16	0.12106217588249901	0.12106217588249907	5.551115123125783e-17	0.2719850927583416	0.2719850927583416	0.0	0.12106217588249901	0.12106217588249907	5.551115123125783e-17
C0-bundle2	chr3	swapped	cross	0.24598662522854514	0.2459866252285452	5.551115123125783e-17	0.37955257304099094	0.379552573040991	5.551115123125783e-17	0.45208972693673544	0.45208972693673555	1.1102230246251565e-16	0.36798332377403264	0.3679833237740327	5.551115123125783e-17	0.4158211499888632	0.41582114998886327	5.551115123125783e-17	0.3069849745012889	0.3069849745012889	0.0	0.1088361754875743	0.10883617548757435	5.551115123125783e-17	0.45208972693673544	0.45208972693673555	1.1102230246251565e-16	0.37955257304099094	0.379552573040991	5.551115123125783e-17	0.08410640316270279	0.08410640316270285	5.551115123125783e-17	0.1335659478124458	0.1335659478124458	0.0	0.08410640316270279	0.08410640316270285	5.551115123125783e-17
C0-bundle2	chr4	direct	direct	0.5447764500024901	0.5447764500024902	1.1102230246251565e-16	0.38116389346332413	0.3811638934633242	5.551115123125783e-17	0.6200969251687299	0.6200969251687302	2.220446049250313e-16	0.67430350408343	0.6743035040834301	1.1102230246251565e-16	0.60953997704296	0.6095399770429601	1.1102230246251565e-16	0.500630409316027	0.5006304093160272	2.220446049250313e-16	0.10890956772693305	0.10890956772693294	1.1102230246251565e-16	0.5447764500024901	0.5447764500024902	1.1102230246251565e-16	0.67430350408343	0.6743035040834301	1.1102230246251565e-16	0.16361255653916595	0.163612556539166	5.551115123125783e-17	0.05420657891470004	0.05420657891469993	1.1102230246251565e-16	0.05420657891470004	0.05420657891469993	1.1102230246251565e-16
C0-bundle2	chr5	direct	direct	0.5670149526258353	0.5670149526258355	1.1102230246251565e-16	0.48417097720248253	0.4841709772024826	5.551115123125783e-17	0.5689171207643442	0.5689171207643442	0.0	0.6613795427752425	0.6613795427752426	1.1102230246251565e-16	0.6141972477005389	0.6141972477005391	2.220446049250313e-16	0.5265440489834133	0.5265440489834134	1.1102230246251565e-16	0.08765319871712551	0.08765319871712562	1.1102230246251565e-16	0.5670149526258353	0.5670149526258355	1.1102230246251565e-16	0.6613795427752425	0.6613795427752426	1.1102230246251565e-16	0.08284397542335281	0.08284397542335287	5.551115123125783e-17	0.09246242201089827	0.09246242201089838	1.1102230246251565e-16	0.08284397542335281	0.08284397542335287	5.551115123125783e-17
C0-bundle2	chr6	swapped	cross	0.42540596080829857	0.4254059608082986	5.551115123125783e-17	0.34952159138643235	0.34952159138643235	0.0	0.30491527570480853	0.30491527570480853	0.0	0.11672915986562127	0.11672915986562127	0.0	0.3272184335456204	0.3272184335456204	0.0	0.2710675603369599	0.27106756033695995	5.551115123125783e-17	0.05615087320866052	0.05615087320866047	5.551115123125783e-17	0.30491527570480853	0.30491527570480853	0.0	0.34952159138643235	0.34952159138643235	0.0	0.18818611583918726	0.18818611583918726	0.0	-0.07588436942186622	-0.07588436942186627	5.551115123125783e-17	-0.07588436942186622	-0.07588436942186627	5.551115123125783e-17
C0-bundle2	chr7	direct	direct	0.41171845859085293	0.411718458590853	5.551115123125783e-17	0.4994688727808514	0.49946887278085134	5.551115123125783e-17	0.16533188450364594	0.16533188450364594	0.0	0.291023574246701	0.291023574246701	0.0	0.351371016418777	0.351371016418777	0.0	0.3324003786422487	0.33240037864224864	5.551115123125783e-17	0.0189706377765283	0.018970637776528354	5.551115123125783e-17	0.41171845859085293	0.411718458590853	5.551115123125783e-17	0.291023574246701	0.291023574246701	0.0	-0.08775041418999846	-0.08775041418999835	1.1102230246251565e-16	0.12569168974305506	0.12569168974305506	0.0	-0.08775041418999846	-0.08775041418999835	1.1102230246251565e-16
C0-bundle2	chr8	swapped	cross	0.26852019533565336	0.2685201953356533	5.551115123125783e-17	0.7680870295463995	0.7680870295463994	1.1102230246251565e-16	0.5265665070854673	0.5265665070854673	0.0	0.4516423001989602	0.4516423001989602	0.0	0.6473267683159334	0.6473267683159334	0.0	0.36008124776730677	0.36008124776730677	0.0	0.2872455205486266	0.2872455205486266	0.0	0.5265665070854673	0.5265665070854673	0.0	0.7680870295463995	0.7680870295463994	1.1102230246251565e-16	0.07492420688650708	0.07492420688650708	0.0	0.49956683421074616	0.4995668342107461	5.551115123125783e-17	0.07492420688650708	0.07492420688650708	0.0
C0-bundle2	chr9	direct	direct	0.3359354773829947	0.3359354773829947	0.0	0.4722337033227773	0.47223370332277725	5.551115123125783e-17	0.3615542175941582	0.3615542175941581	5.551115123125783e-17	0.5137777814280917	0.5137777814280916	1.1102230246251565e-16	0.4248566294055432	0.42485662940554314	5.551115123125783e-17	0.4168939604584677	0.4168939604584677	0.0	0.00796266894707548	0.007962668947075424	5.551115123125783e-17	0.3359354773829947	0.3359354773829947	0.0	0.5137777814280917	0.5137777814280916	1.1102230246251565e-16	-0.13629822593978264	-0.13629822593978258	5.551115123125783e-17	0.15222356383393354	0.15222356383393348	5.551115123125783e-17	-0.13629822593978264	-0.13629822593978258	5.551115123125783e-17
C0-bundle2	chr10	direct	direct	0.6126754694990442	0.6126754694990442	0.0	0.5345374113496056	0.5345374113496056	0.0	0.32905284082236164	0.32905284082236164	0.0	0.5525368609875289	0.5525368609875289	0.0	0.5826061652432866	0.5826061652432866	0.0	0.43179512608598364	0.43179512608598364	0.0	0.15081103915730293	0.15081103915730293	0.0	0.6126754694990442	0.6126754694990442	0.0	0.5525368609875289	0.5525368609875289	0.0	0.07813805814943853	0.07813805814943853	0.0	0.22348402016516722	0.22348402016516722	0.0	0.07813805814943853	0.07813805814943853	0.0
C0-bundle2	chr11	direct	direct	0.6101518188122232	0.6101518188122232	0.0	0.5044022876807065	0.5044022876807065	0.0	0.4773491578019038	0.4773491578019038	0.0	0.561372442502422	0.5613724425024219	1.1102230246251565e-16	0.5857621306573226	0.5857621306573226	0.0	0.49087572274130514	0.49087572274130514	0.0	0.09488640791601749	0.09488640791601749	0.0	0.6101518188122232	0.6101518188122232	0.0	0.561372442502422	0.5613724425024219	1.1102230246251565e-16	0.10574953113151675	0.10574953113151675	0.0	0.08402328470051823	0.08402328470051812	1.1102230246251565e-16	0.08402328470051823	0.08402328470051812	1.1102230246251565e-16
C0-bundle2	chr12	direct	direct	0.35273836603775216	0.3527383660377522	5.551115123125783e-17	0.3083755921574406	0.30837559215744065	5.551115123125783e-17	0.28397695559411934	0.2839769555941194	5.551115123125783e-17	0.3612097230215731	0.36120972302157317	5.551115123125783e-17	0.35697404452966264	0.3569740445296627	5.551115123125783e-17	0.29617627387577994	0.29617627387578005	1.1102230246251565e-16	0.0607977706538827	0.06079777065388264	5.551115123125783e-17	0.35273836603775216	0.3527383660377522	5.551115123125783e-17	0.3612097230215731	0.36120972302157317	5.551115123125783e-17	0.04436277388031157	0.04436277388031157	0.0	0.07723276742745377	0.07723276742745377	0.0	0.04436277388031157	0.04436277388031157	0.0
C0-bundle2	chr13	direct	direct	0.5087693368059811	0.5087693368059811	0.0	0.47251832198396404	0.472518321983964	5.551115123125783e-17	0.286220262417248	0.286220262417248	0.0	0.4980915626662653	0.49809156266626525	5.551115123125783e-17	0.5034304497361233	0.5034304497361232	1.1102230246251565e-16	0.379369292200606	0.379369292200606	0.0	0.12406115753551727	0.12406115753551716	1.1102230246251565e-16	0.5087693368059811	0.5087693368059811	0.0	0.4980915626662653	0.49809156266626525	5.551115123125783e-17	0.03625101482201709	0.03625101482201715	5.551115123125783e-17	0.2118713002490173	0.21187130024901724	5.551115123125783e-17	0.03625101482201709	0.03625101482201715	5.551115123125783e-17
C0-bundle2	chr14	swapped	cross	0.42029026310511186	0.4202902631051119	5.551115123125783e-17	0.6741894393542434	0.6741894393542434	0.0	0.49905296225726287	0.499052962257263	1.1102230246251565e-16	0.36082007900416935	0.36082007900416935	0.0	0.5866212008057531	0.5866212008057532	1.1102230246251565e-16	0.3905551710546406	0.39055517105464066	5.551115123125783e-17	0.19606602975111248	0.19606602975111254	5.551115123125783e-17	0.49905296225726287	0.499052962257263	1.1102230246251565e-16	0.6741894393542434	0.6741894393542434	0.0	0.13823288325309352	0.13823288325309363	1.1102230246251565e-16	0.2538991762491315	0.25389917624913144	5.551115123125783e-17	0.13823288325309352	0.13823288325309363	1.1102230246251565e-16
C0-bundle2	chr15	swapped	cross	0.22422480533555744	0.22422480533555741	2.7755575615628914e-17	0.504944346880337	0.5049443468803368	1.1102230246251565e-16	0.5632736840678622	0.5632736840678622	0.0	0.38053961180862145	0.38053961180862145	0.0	0.5341090154740995	0.5341090154740995	0.0	0.3023822085720894	0.3023822085720894	0.0	0.23172680690201009	0.23172680690201009	0.0	0.5632736840678622	0.5632736840678622	0.0	0.504944346880337	0.5049443468803368	1.1102230246251565e-16	0.1827340722592407	0.1827340722592407	0.0	0.2807195415447795	0.2807195415447794	1.1102230246251565e-16	0.1827340722592407	0.1827340722592407	0.0
C0-bundle2	chr16	direct	direct	0.2548817071380702	0.2548817071380701	5.551115123125783e-17	0.2696137398365014	0.2696137398365013	1.1102230246251565e-16	0.19541956983739328	0.19541956983739323	5.551115123125783e-17	0.3381140601444045	0.3381140601444044	5.551115123125783e-17	0.2964978836412373	0.2964978836412373	0.0	0.23251665483694733	0.23251665483694725	8.326672684688674e-17	0.06398122880428997	0.06398122880429005	8.326672684688674e-17	0.2548817071380702	0.2548817071380701	5.551115123125783e-17	0.3381140601444045	0.3381140601444044	5.551115123125783e-17	-0.014732032698431208	-0.014732032698431152	5.551115123125783e-17	0.1426944903070112	0.1426944903070112	0.0	-0.014732032698431208	-0.014732032698431152	5.551115123125783e-17
C0-bundle2	chr17	swapped	cross	0.17688941800565627	0.1768894180056563	2.7755575615628914e-17	0.4025872626552345	0.4025872626552346	1.1102230246251565e-16	0.3110198247406516	0.31101982474065165	5.551115123125783e-17	0.3017133376548426	0.30171333765484265	5.551115123125783e-17	0.35680354369794304	0.3568035436979431	5.551115123125783e-17	0.23930137783024943	0.23930137783024946	2.7755575615628914e-17	0.1175021658676936	0.11750216586769363	2.7755575615628914e-17	0.3110198247406516	0.31101982474065165	5.551115123125783e-17	0.4025872626552345	0.4025872626552346	1.1102230246251565e-16	0.009306487085809001	0.009306487085809001	0.0	0.2256978446495782	0.2256978446495783	8.326672684688674e-17	0.009306487085809001	0.009306487085809001	0.0
C0-bundle2	chr18	swapped	cross	0.17383622424999814	0.1738362242499981	5.551115123125783e-17	0.33046278637332277	0.33046278637332266	1.1102230246251565e-16	0.37942212887054255	0.37942212887054244	1.1102230246251565e-16	0.16258883431778323	0.1625888343177832	2.7755575615628914e-17	0.35494245762193266	0.35494245762193255	1.1102230246251565e-16	0.1682125292838907	0.16821252928389063	5.551115123125783e-17	0.18672992833804197	0.18672992833804192	5.551115123125783e-17	0.37942212887054255	0.37942212887054244	1.1102230246251565e-16	0.33046278637332277	0.33046278637332266	1.1102230246251565e-16	0.21683329455275932	0.21683329455275924	8.326672684688674e-17	0.15662656212332463	0.15662656212332457	5.551115123125783e-17	0.15662656212332463	0.15662656212332457	5.551115123125783e-17
C0-bundle2	chr19	swapped	cross	0.16523479863271953	0.16523479863271956	2.7755575615628914e-17	0.36088461432535995	0.36088461432535995	0.0	0.3983579954028543	0.3983579954028543	0.0	0.4791456477542626	0.47914564775426266	5.551115123125783e-17	0.37962130486410717	0.37962130486410717	0.0	0.32219022319349105	0.3221902231934911	5.551115123125783e-17	0.05743108167061611	0.05743108167061606	5.551115123125783e-17	0.3983579954028543	0.3983579954028543	0.0	0.36088461432535995	0.36088461432535995	0.0	-0.08078765235140828	-0.08078765235140833	5.551115123125783e-17	0.19564981569264042	0.1956498156926404	2.7755575615628914e-17	-0.08078765235140828	-0.08078765235140833	5.551115123125783e-17
C0-bundle2	chrX	swapped	cross	0.595780127411267	0.5957801274112668	1.1102230246251565e-16	0.5012987489913273	0.5012987489913273	0.0	0.5819075279056908	0.5819075279056907	1.1102230246251565e-16	0.39379457431907	0.39379457431906995	5.551115123125783e-17	0.541603138448509	0.5416031384485089	1.1102230246251565e-16	0.49478735086516845	0.4947873508651684	5.551115123125783e-17	0.046815787583340596	0.04681578758334054	5.551115123125783e-17	0.5819075279056908	0.5819075279056907	1.1102230246251565e-16	0.5012987489913273	0.5012987489913273	0.0	0.18811295358662078	0.18811295358662072	5.551115123125783e-17	-0.09448137841993964	-0.09448137841993953	1.1102230246251565e-16	-0.09448137841993964	-0.09448137841993953	1.1102230246251565e-16
C0-bundle3	chr1	direct	direct	0.5279165533383924	0.5279165533383923	1.1102230246251565e-16	0.5173289795569901	0.5173289795569901	0.0	0.5292665470553561	0.5292665470553561	0.0	0.6342540758170094	0.6342540758170093	1.1102230246251565e-16	0.5810853145777009	0.5810853145777009	0.0	0.5232977633061731	0.5232977633061731	0.0	0.05778755127152779	0.05778755127152779	0.0	0.5279165533383924	0.5279165533383923	1.1102230246251565e-16	0.6342540758170094	0.6342540758170093	1.1102230246251565e-16	0.010587573781402293	0.010587573781402182	1.1102230246251565e-16	0.10498752876165329	0.10498752876165318	1.1102230246251565e-16	0.010587573781402293	0.010587573781402182	1.1102230246251565e-16
C0-bundle3	chr2	swapped	cross	0.39271170117513515	0.39271170117513526	1.1102230246251565e-16	0.5314719966822058	0.5314719966822058	0.0	0.5905948770912848	0.5905948770912849	1.1102230246251565e-16	0.45985650994063776	0.4598565099406379	1.6653345369377348e-16	0.5610334368867453	0.5610334368867453	0.0	0.42628410555788643	0.4262841055578866	1.6653345369377348e-16	0.1347493313288589	0.13474933132885875	1.6653345369377348e-16	0.5905948770912848	0.5905948770912849	1.1102230246251565e-16	0.5314719966822058	0.5314719966822058	0.0	0.13073836715064702	0.13073836715064696	5.551115123125783e-17	0.13876029550707064	0.13876029550707053	1.1102230246251565e-16	0.13073836715064702	0.13073836715064696	5.551115123125783e-17
C0-bundle3	chr3	swapped	cross	0.24643710842839064	0.2464371084283907	5.551115123125783e-17	0.6231045146493653	0.6231045146493654	1.1102230246251565e-16	0.45176767703896703	0.45176767703896714	1.1102230246251565e-16	0.36847092700081174	0.3684709270008118	5.551115123125783e-17	0.5374360958441662	0.5374360958441663	1.1102230246251565e-16	0.3074540177146012	0.30745401771460124	5.551115123125783e-17	0.229982078129565	0.22998207812956506	5.551115123125783e-17	0.45176767703896703	0.45176767703896714	1.1102230246251565e-16	0.6231045146493653	0.6231045146493654	1.1102230246251565e-16	0.08329675003815529	0.08329675003815534	5.551115123125783e-17	0.3766674062209747	0.3766674062209747	0.0	0.08329675003815529	0.08329675003815534	5.551115123125783e-17
C0-bundle3	chr4	swapped	cross	0.44204272236581194	0.44204272236581205	1.1102230246251565e-16	0.44111210687156027	0.44111210687156044	1.6653345369377348e-16	0.6719384122754276	0.6719384122754277	1.1102230246251565e-16	0.5549681440277588	0.554968144027759	1.1102230246251565e-16	0.556525259573494	0.5565252595734941	1.1102230246251565e-16	0.4985054331967854	0.49850543319678553	1.1102230246251565e-16	0.05801982637670855	0.05801982637670855	0.0	0.6719384122754276	0.6719384122754277	1.1102230246251565e-16	0.44111210687156027	0.44111210687156044	1.6653345369377348e-16	0.11697026824766876	0.11697026824766876	0.0	-0.0009306154942516631	-0.0009306154942516076	5.551115123125783e-17	-0.0009306154942516631	-0.0009306154942516076	5.551115123125783e-17
C0-bundle3	chr5	direct	direct	0.5594402044500087	0.5594402044500087	0.0	0.5751583180097679	0.5751583180097679	0.0	0.5778560073727879	0.5778560073727879	0.0	0.6092953725656763	0.6092953725656763	0.0	0.5843677885078425	0.5843677885078425	0.0	0.5765071626912779	0.5765071626912779	0.0	0.00786062581656466	0.00786062581656466	0.0	0.5594402044500087	0.5594402044500087	0.0	0.6092953725656763	0.6092953725656763	0.0	-0.01571811355975916	-0.01571811355975916	0.0	0.03143936519288848	0.03143936519288848	0.0	-0.01571811355975916	-0.01571811355975916	0.0
C0-bundle3	chr6	swapped	cross	0.23927901938914908	0.23927901938914908	0.0	0.17682749420662552	0.17682749420662552	0.0	0.4578251728600983	0.45782517286009833	5.551115123125783e-17	0.358216200805273	0.358216200805273	0.0	0.3173263335333619	0.3173263335333619	0.0	0.29874761009721107	0.29874761009721107	0.0	0.018578723436150857	0.018578723436150857	0.0	0.4578251728600983	0.45782517286009833	5.551115123125783e-17	0.17682749420662552	0.17682749420662552	0.0	0.09960897205482527	0.09960897205482533	5.551115123125783e-17	-0.06245152518252356	-0.06245152518252356	0.0	-0.06245152518252356	-0.06245152518252356	0.0
C0-bundle3	chr7	direct	direct	0.3736379841359171	0.37363798413591703	5.551115123125783e-17	0.42155532058809486	0.42155532058809486	0.0	0.3015335456645364	0.3015335456645364	0.0	0.36054058417767226	0.36054058417767226	0.0	0.36708928415679465	0.36708928415679465	0.0	0.3615444331263156	0.3615444331263156	0.0	0.0055448510304790255	0.0055448510304790255	0.0	0.3736379841359171	0.37363798413591703	5.551115123125783e-17	0.36054058417767226	0.36054058417767226	0.0	-0.04791733645217777	-0.04791733645217783	5.551115123125783e-17	0.05900703851313588	0.05900703851313588	0.0	-0.04791733645217777	-0.04791733645217783	5.551115123125783e-17
C0-bundle3	chr8	direct	direct	0.4184253261455597	0.41842532614555966	5.551115123125783e-17	0.5377237063126545	0.5377237063126545	0.0	0.3468464611263302	0.3468464611263302	0.0	0.7034012475503473	0.7034012475503473	0.0	0.5609132868479535	0.5609132868479535	0.0	0.4422850837194924	0.4422850837194924	0.0	0.11862820312846112	0.11862820312846112	0.0	0.4184253261455597	0.41842532614555966	5.551115123125783e-17	0.7034012475503473	0.7034012475503473	0.0	-0.11929838016709482	-0.11929838016709488	5.551115123125783e-17	0.35655478642401706	0.35655478642401706	0.0	-0.11929838016709482	-0.11929838016709488	5.551115123125783e-17
C0-bundle3	chr9	direct	direct	0.40165544731005287	0.40165544731005276	1.1102230246251565e-16	0.48202064039135567	0.48202064039135556	1.1102230246251565e-16	0.3752216780622875	0.3752216780622875	0.0	0.4702389203293497	0.4702389203293496	1.1102230246251565e-16	0.4359471838197013	0.4359471838197012	1.1102230246251565e-16	0.4286211592268216	0.42862115922682154	5.551115123125783e-17	0.007326024592879732	0.007326024592879676	5.551115123125783e-17	0.40165544731005287	0.40165544731005276	1.1102230246251565e-16	0.4702389203293497	0.4702389203293496	1.1102230246251565e-16	-0.0803651930813028	-0.0803651930813028	0.0	0.09501724226706221	0.0950172422670621	1.1102230246251565e-16	-0.0803651930813028	-0.0803651930813028	0.0
C0-bundle3	chr10	swapped	cross	0.21030486131319792	0.21030486131319795	2.7755575615628914e-17	0.347779512717941	0.34777951271794105	5.551115123125783e-17	0.6138744980719544	0.6138744980719545	1.1102230246251565e-16	0.5160974352558393	0.5160974352558394	1.1102230246251565e-16	0.4808270053949477	0.48082700539494777	5.551115123125783e-17	0.3632011482845186	0.36320114828451866	5.551115123125783e-17	0.11762585711042911	0.11762585711042911	0.0	0.6138744980719544	0.6138744980719545	1.1102230246251565e-16	0.347779512717941	0.34777951271794105	5.551115123125783e-17	0.09777706281611509	0.09777706281611509	0.0	0.13747465140474308	0.1374746514047431	2.7755575615628914e-17	0.09777706281611509	0.09777706281611509	0.0
C0-bundle3	chr11	swapped	cross	0.566962878960438	0.5669628789604378	1.1102230246251565e-16	0.7088948245877629	0.7088948245877629	0.0	0.6354056962802359	0.6354056962802358	1.1102230246251565e-16	0.4337755242040677	0.4337755242040676	5.551115123125783e-17	0.6721502604339994	0.6721502604339993	1.1102230246251565e-16	0.5003692015822528	0.5003692015822527	1.1102230246251565e-16	0.17178105885174655	0.17178105885174655	0.0	0.6354056962802359	0.6354056962802358	1.1102230246251565e-16	0.7088948245877629	0.7088948245877629	0.0	0.20163017207616823	0.20163017207616818	5.551115123125783e-17	0.14193194562732492	0.14193194562732503	1.1102230246251565e-16	0.14193194562732492	0.14193194562732503	1.1102230246251565e-16
C0-bundle3	chr12	direct	direct	0.2535919778130181	0.2535919778130182	5.551115123125783e-17	0.3167156383006705	0.31671563830067057	5.551115123125783e-17	0.22984972636361023	0.22984972636361026	2.7755575615628914e-17	0.3283043325548727	0.3283043325548727	0.0	0.2909481551839454	0.29094815518394546	5.551115123125783e-17	0.27328268233214037	0.2732826823321404	5.551115123125783e-17	0.01766547285180503	0.01766547285180503	0.0	0.2535919778130181	0.2535919778130182	5.551115123125783e-17	0.3283043325548727	0.3283043325548727	0.0	-0.06312366048765239	-0.06312366048765239	0.0	0.09845460619126245	0.09845460619126242	2.7755575615628914e-17	-0.06312366048765239	-0.06312366048765239	0.0
C0-bundle3	chr13	direct	direct	0.444719406625598	0.444719406625598	0.0	0.43759681879950674	0.4375968187995067	5.551115123125783e-17	0.5117395577335822	0.5117395577335822	0.0	0.6065629714070663	0.6065629714070663	0.0	0.5256411890163322	0.5256411890163322	0.0	0.47466818826654444	0.47466818826654444	0.0	0.05097300074978772	0.05097300074978772	0.0	0.444719406625598	0.444719406625598	0.0	0.6065629714070663	0.6065629714070663	0.0	0.0071225878260912645	0.00712258782609132	5.551115123125783e-17	0.09482341367348412	0.09482341367348412	0.0	0.0071225878260912645	0.00712258782609132	5.551115123125783e-17
C0-bundle3	chr14	direct	direct	0.47856760213102584	0.47856760213102584	0.0	0.3831378673591804	0.38313786735918043	5.551115123125783e-17	0.3901860866428373	0.3901860866428374	5.551115123125783e-17	0.6203871386115851	0.6203871386115851	0.0	0.5494773703713055	0.5494773703713055	0.0	0.38666197700100885	0.3866619770010089	5.551115123125783e-17	0.16281539337029666	0.1628153933702966	5.551115123125783e-17	0.47856760213102584	0.47856760213102584	0.0	0.6203871386115851	0.6203871386115851	0.0	0.09542973477184546	0.09542973477184541	5.551115123125783e-17	0.2302010519687478	0.23020105196874774	5.551115123125783e-17	0.09542973477184546	0.09542973477184541	5.551115123125783e-17
C0-bundle3	chr15	direct	direct	0.3561636324421001	0.35616363244210003	5.551115123125783e-17	0.24383704221735353	0.24383704221735353	0.0	0.3633094597942121	0.3633094597942121	0.0	0.5809874477096344	0.5809874477096343	1.1102230246251565e-16	0.4685755400758672	0.46857554007586716	5.551115123125783e-17	0.3035732510057828	0.3035732510057828	0.0	0.1650022890700844	0.16500228907008435	5.551115123125783e-17	0.3561636324421001	0.35616363244210003	5.551115123125783e-17	0.5809874477096344	0.5809874477096343	1.1102230246251565e-16	0.11232659022474656	0.1123265902247465	5.551115123125783e-17	0.2176779879154223	0.2176779879154222	1.1102230246251565e-16	0.11232659022474656	0.1123265902247465	5.551115123125783e-17
C0-bundle3	chr16	swapped	cross	0.29759238925281095	0.2975923892528109	5.551115123125783e-17	0.4766279785815634	0.4766279785815633	1.1102230246251565e-16	0.22877310434387	0.22877310434386997	2.7755575615628914e-17	0.21960544428998366	0.21960544428998363	2.7755575615628914e-17	0.3527005414627167	0.3527005414627166	5.551115123125783e-17	0.2585989167713973	0.25859891677139724	5.551115123125783e-17	0.09410162469131939	0.09410162469131939	0.0	0.22877310434387	0.22877310434386997	2.7755575615628914e-17	0.4766279785815634	0.4766279785815633	1.1102230246251565e-16	0.009167660053886334	0.009167660053886334	0.0	0.17903558932875246	0.1790355893287524	5.551115123125783e-17	0.009167660053886334	0.009167660053886334	0.0
C0-bundle3	chr17	swapped	cross	0.09627153152354549	0.0962715315235455	1.3877787807814457e-17	0.3961758518661208	0.39617585186612087	5.551115123125783e-17	0.34630255304924984	0.3463025530492499	5.551115123125783e-17	0.30532766449744636	0.3053276644974464	5.551115123125783e-17	0.3712392024576853	0.3712392024576854	5.551115123125783e-17	0.20079959801049593	0.20079959801049596	2.7755575615628914e-17	0.1704396044471894	0.17043960444718942	2.7755575615628914e-17	0.34630255304924984	0.3463025530492499	5.551115123125783e-17	0.3961758518661208	0.39617585186612087	5.551115123125783e-17	0.04097488855180348	0.04097488855180348	0.0	0.2999043203425753	0.29990432034257536	5.551115123125783e-17	0.04097488855180348	0.04097488855180348	0.0
C0-bundle3	chr18	direct	direct	0.4527411620854206	0.45274116208542053	5.551115123125783e-17	0.16771267920368643	0.16771267920368638	5.551115123125783e-17	0.1969498743697576	0.19694987436975755	5.551115123125783e-17	0.4150435279903006	0.4150435279903005	1.1102230246251565e-16	0.43389234503786056	0.4338923450378605	5.551115123125783e-17	0.182331276786722	0.18233127678672195	5.551115123125783e-17	0.25156106825113855	0.25156106825113855	0.0	0.4527411620854206	0.45274116208542053	5.551115123125783e-17	0.4150435279903006	0.4150435279903005	1.1102230246251565e-16	0.28502848288173416	0.28502848288173416	0.0	0.21809365362054298	0.21809365362054292	5.551115123125783e-17	0.21809365362054298	0.21809365362054292	5.551115123125783e-17
C0-bundle3	chr19	direct	direct	0.22071876280871627	0.22071876280871627	0.0	0.2927165163468212	0.2927165163468213	5.551115123125783e-17	0.32835940123489515	0.3283594012348952	5.551115123125783e-17	0.50696752719277	0.5069675271927699	1.1102230246251565e-16	0.36384314500074316	0.3638431450007431	5.551115123125783e-17	0.3105379587908582	0.3105379587908582	0.0	0.05330518620988495	0.05330518620988489	5.551115123125783e-17	0.22071876280871627	0.22071876280871627	0.0	0.50696752719277	0.5069675271927699	1.1102230246251565e-16	-0.07199775353810495	-0.071997753538105	5.551115123125783e-17	0.1786081259578749	0.17860812595787473	1.6653345369377348e-16	-0.07199775353810495	-0.071997753538105	5.551115123125783e-17
C0-bundle3	chrX	direct	direct	0.642949757916696	0.6429497579166958	1.1102230246251565e-16	0.3996689698567239	0.39966896985672384	5.551115123125783e-17	0.4716590317045704	0.4716590317045703	1.1102230246251565e-16	0.5063954731176397	0.5063954731176395	1.1102230246251565e-16	0.5746726155171678	0.5746726155171678	0.0	0.43566400078064715	0.43566400078064704	1.1102230246251565e-16	0.1390086147365206	0.1390086147365207	1.1102230246251565e-16	0.642949757916696	0.6429497579166958	1.1102230246251565e-16	0.5063954731176397	0.5063954731176395	1.1102230246251565e-16	0.24328078805997205	0.243280788059972	5.551115123125783e-17	0.03473644141306925	0.03473644141306925	0.0	0.03473644141306925	0.03473644141306925	0.0
